[{
    "name": "服务端",
    "icon":"fire",
    "children": [{
        "name": "php",
        "icon":"setting",
        "children": [{
            "name": "java",
            "icon":"shopping-cart"
          },
          {
            "name": "python",
            "icon":"shopping-cart"
          }]
      },{
        "name": "编程",
        "icon":"location",
        "children": [{
            "name": "vue框架",
            "icon":"location",
            "children":[{
              "name":"学会了吗",
              "icon":"location"
            }]
          },
          {
            "name": "react框架",
            "icon":"location"
          }]
      }]
  },
  {
    "name": "大仙",
    "icon":"location",
    "children": [{
        "name": "编程",
        "children": [{
            "name": "js模块化",
            "icon":"location"
          },
          {
            "name": "webpack",
            "icon":"location"
          }]
      },{
        "name": "前端",
        "icon":"location",
        "children": [{
            "name": "angular框架",
            "icon":"location",
            "children":[
              {
                "name":"双向绑定",
                "icon":"location"
              }
            ]
          },
          {
            "name": "nodejs服务端",
            "icon":"location"
          }]
      },{
        "name":"redux",
        "icon":"shopping-cart"
      }]
  }]