{
  "has_more": true,
  "data": [
    {
      "video_id": "v0201faf0000brsq9g2epr1cl69orid0",
      "media_name": "\u65b0\u534e\u793e",
      "ban_comment": 0,
      "abstract": "\u3010\u7b80\u4ecb\u3011\u66fe\u7ecf\u68a6\u60f3\u6210\u4e3a\u4e00\u540d\u8bb0\u8005\uff0c\u7ed3\u679c\u5374\u61f5\u61f5\u61c2\u61c2\u6210\u4e3a\u201c\u58f0\u4f18\u201d\uff08\u6765\u81ea\u65e5\u8bed\uff0c\u610f\u601d\u662f\u58f0\u97f3\u8868\u6f14\u8005\uff09\u2014\u201480\u540e\u5973\u5b69\u9648\u5955\u96ef\u4ece\u4e1a\u591a\u5e74\uff0c\u66fe\u4e3a\u5c0f\u732a\u4f69\u5947\u3001\u82b1\u5343\u9aa8\u7b49\u914d\u97f3\uff0c\u5979\u7684\u4eba\u751f\u6b63\u56e0\u4e3a\u4e00\u628a\u7eaf\u51c0\u751c\u7f8e\u7684\u597d\u58f0\u97f3\u800c\u201c\u7834\u4e86\u6b21\u5143\u201d\u3002",
      "video_detail_info": {
        "detail_video_large_image": {
          "url": "https://p3.pstatp.com/list/pgc-image/S3HrSGuHNsO4yf",
          "width": 640,
          "height": 360
        },
        "video_id": "v0201faf0000brsq9g2epr1cl69orid0",
        "video_watch_count": 149138,
        "group_flags": 32832,
        "direct_play": 1
      },
      "image_list": [],
      "datetime": "2020-09-16 22:13",
      "article_type": 0,
      "tag": "news_media",
      "has_m3u8_video": 0,
      "video_duration": 107,
      "display_dt": 1593418948,
      "has_mp4_video": 0,
      "aggr_type": 1,
      "cell_type": 0,
      "article_sub_type": 0,
      "bury_count": 0,
      "title": "\u7ed9\u5c0f\u732a\u4f69\u5947\u3001\u82b1\u5343\u9aa8\u914d\u97f3\u7684\u539f\u6765\u662f\u5979\u2026\u2026",
      "source_icon_style": 1,
      "tip": 0,
      "has_video": true,
      "share_url": "https://m.toutiaoimg.cn/group/6843682271979897358/?app=news_article&is_hit_share_recommend=0",
      "source": "\u65b0\u534e\u793e",
      "comment_count": 503,
      "article_url": "http://api.xinhua-news.com/newroute/newsdetail/101002020062900002819?dest=Ax1CEbjT2rbM524ELymRibRtCR5DdN0gUs24TsJj-5Kc",
      "large_mode": true,
      "large_image_url": "http://p6-tt-ipv6.byteimg.com/img/pgc-image/S3HrSGuHNsO4yf~tplv-tt-cs0:640:360.jpg",
      "publish_time": 1593418948,
      "group_flags": 32832,
      "action_extra": "{\"channel_id\": 0}",
      "tag_id": "6843682271979897358",
      "source_url": "/i6843682271979897358/",
      "display_url": "http://toutiao.com/group/6843682271979897358/",
      "is_stick": false,
      "item_id": "6843682271979897358",
      "repin_count": 1486,
      "cell_flag": 268697611,
      "source_open_url": "sslocal://profile?refer=video&uid=5757425042",
      "level": 0,
      "digg_count": 3844,
      "behot_time": 1600265637,
      "hot": 0,
      "cursor": 1600265637999,
      "url": "http://api.xinhua-news.com/newroute/newsdetail/101002020062900002819?dest=Ax1CEbjT2rbM524ELymRibRtCR5DdN0gUs24TsJj-5Kc",
      "user_repin": 0,
      "has_image": false,
      "video_style": 0,
      "media_info": {
        "avatar_url": "http://p9-tt-ipv6.byteimg.com/large/ffbc0000ad1e717b76a6",
        "media_id": 5757425042,
        "name": "\u65b0\u534e\u793e",
        "user_verified": true
      },
      "group_id": "6843682271979897358"
    },
    {
      "media_name": "\u4eca\u62a5\u4f20\u5a92",
      "ban_comment": 0,
      "abstract": "\u4ed6\u4e3a\u6b64\u8f8d\u5b66\u8ffd\u51f617\u5e74\uff0c\u5929\u5357\u6d77\u5317\uff0c\u5403\u5c3d\u82e6\u5934\uff0c\u7ec8\u4e8e\u57282017\u5e74\u5728\u798f\u5efa\u5357\u5b89\u5e02\u627e\u5230\u51f6\u624b\uff0c\u5e76\u901a\u8fc7\u5f53\u5730\u8b66\u65b9\u5c06\u5176\u7f09\u62ff\u5f52\u6848\u3002",
      "image_list": [
        {
          "url": "https://p3.pstatp.com/list/pgc-image/4055aacff1974f33b4052cdac46fd537",
          "width": 640,
          "height": 360
        },
        {
          "url": "https://p3.pstatp.com/list/dfic-imagehandler/3361f26e-883c-4d83-939a-0b3a57336666",
          "width": 600,
          "height": 337
        },
        {
          "url": "https://p3.pstatp.com/list/dfic-imagehandler/288ca47e-f7fa-4278-9c0b-3139150d6951",
          "width": 600,
          "height": 337
        }
      ],
      "datetime": "2020-09-16 22:07",
      "article_type": 0,
      "more_mode": true,
      "tag": "news_society",
      "has_m3u8_video": 0,
      "display_dt": 1600333712,
      "has_mp4_video": 0,
      "aggr_type": 1,
      "cell_type": 0,
      "article_sub_type": 0,
      "bury_count": 0,
      "title": "\u4e3a\u7236\u8ffd\u51f617\u5e74\u7537\u5b50\u4e3e\u62a5\u529e\u6848\u6240\u957f\uff0c\u4ee5\u201c\u7f09\u51f6\u5f52\u6848\u201d\u4e3a\u6761\u4ef6\u9a97\u7530\u5730\u6269\u5efa\u52a0\u6cb9\u7ad9\uff0c\u6d89\u4e8b\u6c11\u8b66\u79f0\u5df2\u53d7\u5230\u4e0a\u7ea7\u6279\u8bc4\u6559\u80b2",
      "source_icon_style": 1,
      "tip": 0,
      "has_video": false,
      "share_url": "http://toutiao.com/a6873380956800025092/?app=news_article&is_hit_share_recommend=0",
      "source": "\u4eca\u62a5\u4f20\u5a92",
      "comment_count": 3458,
      "article_url": "http://toutiao.com/group/6873380956800025092/",
      "publish_time": 1600333712,
      "group_flags": 0,
      "gallary_image_count": 7,
      "action_extra": "{\"channel_id\": 0}",
      "tag_id": "6873380956800025092",
      "source_url": "/i6873380956800025092/",
      "display_url": "http://toutiao.com/group/6873380956800025092/",
      "is_stick": false,
      "item_id": "6873380956800025092",
      "repin_count": 2100,
      "cell_flag": 268697611,
      "source_open_url": "sslocal://profile?uid=6636425797",
      "level": 0,
      "digg_count": 18009,
      "behot_time": 1600265241,
      "hot": 0,
      "cursor": 1600265241999,
      "url": "http://toutiao.com/group/6873380956800025092/",
      "like_count": 14765,
      "user_repin": 0,
      "has_image": true,
      "video_style": 0,
      "media_info": {
        "avatar_url": "http://p9-tt-ipv6.byteimg.com/large/pgc-image/103ec375d8804dae8358dce77fc93f35",
        "media_id": 6636425797,
        "name": "\u4eca\u62a5\u4f20\u5a92",
        "user_verified": true
      },
      "group_id": "6873380956800025092"
    },
    {
      "video_id": "v03004a40000btfifrj5v0tvpg5g1pv0",
      "media_name": "\u89e3\u653e\u519b\u65b0\u95fb\u4f20\u64ad\u4e2d\u5fc3\u878d\u5a92\u4f53",
      "ban_comment": 0,
      "abstract": "\u8fd1\u65e5\uff0c\u897f\u85cf\u519b\u533a\u67d0\u5408\u6210\u65c5\u5728\u6d77\u62d45000\u7c73\u7684\u559c\u9a6c\u62c9\u96c5\u8179\u5730\u8fdb\u884c\u4e86\u4e00\u573a\u6f14\u7ec3\u3002\u8fd9\u573a\u6f14\u7ec3\u6700\u5927\u7684\u7279\u70b9\u5c31\u662f\u5175\u79cd\u591a\uff0c\u88c5\u5907\u65b0\u3001\u8981\u7d20\u5168\u3001\u706b\u529b\u731b\u3002\u5728\u8fd9\u573a\u7acb\u4f53\u8054\u5408\u62d4\u70b9\u6218\u6597\u6f14\u7ec3\u4e2d\uff0c\u591a\u6b3e\u91cd\u578b\u6b66\u5668\u88c5\u5907\u5c55\u793a\u4e86\u5728\u8d85\u9ad8\u6d77\u62d4\u5730\u533a\u7684\u9002\u5e94\u6027\u548c\u706b\u529b\u6bc1\u4f24\u6548\u80fd\uff0c\u4e3a\u9ad8\u539f\u5730\u533a\u8054\u5408\u4f5c\u6218\u79ef\u7d2f\u4e86\u7ecf\u9a8c\u3002\n\uff08\u56fd\u9632\u519b\u4e8b\u65e9\u62a5\u00b7\u89e3\u653e\u519b\u65b0\u95fb\u4f20\u64ad\u4e2d\u5fc3\u878d\u5a92\u4f53\u51fa\u54c1\uff09",
      "video_detail_info": {
        "detail_video_large_image": {
          "url": "https://p3.pstatp.com/list/tos-cn-i-0004/fc7822f80e22421f94453287839e6bf0",
          "width": 640,
          "height": 360
        },
        "video_id": "v03004a40000btfifrj5v0tvpg5g1pv0",
        "video_watch_count": 68664,
        "group_flags": 32832,
        "direct_play": 1
      },
      "image_list": [],
      "datetime": "2020-09-16 22:00",
      "article_type": 0,
      "tag": "video_military",
      "has_m3u8_video": 0,
      "video_duration": 206,
      "display_dt": 1600071778,
      "has_mp4_video": 0,
      "aggr_type": 1,
      "cell_type": 0,
      "article_sub_type": 0,
      "bury_count": 4,
      "title": "\u8d85\u9ad8\u6d77\u62d4\uff01\u591a\u6b3e\u6b66\u5668\u88c5\u5907\u5c55\u793a\u706b\u529b\u6bc1\u4f24\u6548\u80fd",
      "source_icon_style": 1,
      "tip": 0,
      "has_video": true,
      "share_url": "https://m.toutiaoimg.cn/a6872255957276197387/?app=news_article&is_hit_share_recommend=0",
      "source": "\u89e3\u653e\u519b\u65b0\u95fb\u4f20\u64ad\u4e2d\u5fc3\u878d\u5a92\u4f53",
      "comment_count": 64,
      "article_url": "http://toutiao.com/group/6872255957276197387/",
      "large_mode": true,
      "large_image_url": "http://p1-tt-ipv6.byteimg.com/img/tos-cn-i-0004/fc7822f80e22421f94453287839e6bf0~tplv-tt-cs0:640:360.jpg",
      "publish_time": 1600071778,
      "group_flags": 32833,
      "action_extra": "{\"channel_id\": 0}",
      "tag_id": "6872255957276197387",
      "source_url": "/i6872255957276197387/",
      "display_url": "http://toutiao.com/group/6872255957276197387/",
      "is_stick": false,
      "item_id": "6872255957276197387",
      "repin_count": 130,
      "cell_flag": 268697611,
      "source_open_url": "sslocal://profile?refer=video&uid=5786921589",
      "level": 0,
      "digg_count": 1559,
      "behot_time": 1600264844,
      "hot": 0,
      "cursor": 1600264844999,
      "url": "http://toutiao.com/group/6872255957276197387/",
      "user_repin": 0,
      "has_image": false,
      "video_style": 2,
      "media_info": {
        "avatar_url": "http://p3-tt-ipv6.byteimg.com/large/12284/4086236459",
        "media_id": 5786921589,
        "name": "\u89e3\u653e\u519b\u65b0\u95fb\u4f20\u64ad\u4e2d\u5fc3\u878d\u5a92\u4f53",
        "user_verified": true
      },
      "group_id": "6872255957276197387"
    },
    {
      "media_name": "\u65b0\u534e\u7f51\u5ba2\u6237\u7aef",
      "ban_comment": 0,
      "abstract": "\u6731\u5c0f\u7ea2\u544a\u8bc9\u603b\u4e66\u8bb0\uff0c\u4ed6\u5728\u666f\u533a\u5f53\u8bb2\u89e3\u5458\uff0c\u5bb6\u91cc\u8fd8\u5f00\u4e86\u519c\u5bb6\u4e50\uff0c\u5df2\u7ecf\u8131\u8d2b\uff0c\u751f\u6d3b\u8d8a\u6765\u8d8a\u597d\u3002\u4e60\u8fd1\u5e73\u5f3a\u8c03:\u201c\u56e0\u4e3a\u6709\u8001\u767e\u59d3\u7684\u652f\u6301\uff0c\u6211\u4eec\u515a\u624d\u6709\u4e86\u5149\u8363\u5386\u7a0b\u3001\u8f89\u714c\u4e8b\u4e1a\u3002\u4f60\u4eec\u5bb6\u91cc\u7684\u53d8\u5316\u4e5f\u8bf4\u660e\u4e00\u4e2a\u9053\u7406\uff0c\u5171\u4ea7\u515a\u575a\u6301\u4e3a\u6c11\u672c\u8272\uff0c\u8bf4\u5230\u505a\u5230\u3002\u201d",
      "image_list": [
        {
          "url": "https://p3.pstatp.com/list/pgc-image/SAo0HZtDcdODDG",
          "width": 640,
          "height": 360
        },
        {
          "url": "https://p3.pstatp.com/list/pgc-image/SAo0Hdm4jJLqzB",
          "width": 900,
          "height": 588
        },
        {
          "url": "https://p3.pstatp.com/list/pgc-image/SAo0HeOIjByiA9",
          "width": 900,
          "height": 506
        }
      ],
      "datetime": "2020-09-16 21:54",
      "article_type": 0,
      "more_mode": true,
      "tag": "news_politics",
      "has_m3u8_video": 0,
      "display_dt": 1600306813,
      "has_mp4_video": 0,
      "aggr_type": 1,
      "cell_type": 0,
      "article_sub_type": 0,
      "bury_count": 0,
      "title": "\u4e60\u8fd1\u5e73\uff1a\u4eca\u5929\u6211\u5230\u8fd9\u91cc\u6765\uff0c\u4e5f\u662f\u53d7\u6559\u80b2",
      "source_icon_style": 1,
      "tip": 0,
      "has_video": false,
      "share_url": "http://toutiao.com/group/6873265426260820494/?app=news_article&is_hit_share_recommend=0",
      "source": "\u65b0\u534e\u7f51\u5ba2\u6237\u7aef",
      "comment_count": 20,
      "article_url": "http://www.xinhuanet.com/politics/2020-09/17/c_1126504214.htm",
      "publish_time": 1600306813,
      "group_flags": 0,
      "gallary_image_count": 6,
      "action_extra": "{\"channel_id\": 0}",
      "tag_id": "6873265426260820494",
      "source_url": "/i6873265426260820494/",
      "display_url": "http://toutiao.com/group/6873265426260820494/",
      "is_stick": false,
      "item_id": "6873265426260820494",
      "repin_count": 23,
      "cell_flag": 268697611,
      "source_open_url": "sslocal://profile?uid=4377795668",
      "level": 0,
      "digg_count": 122,
      "behot_time": 1600264446,
      "hot": 0,
      "cursor": 1600264446999,
      "url": "http://www.xinhuanet.com/politics/2020-09/17/c_1126504214.htm",
      "like_count": 150,
      "user_repin": 0,
      "has_image": true,
      "video_style": 0,
      "media_info": {
        "avatar_url": "http://p1-tt-ipv6.byteimg.com/large/pgc-image/03f6307ae99745119fa95747f9d9e525",
        "media_id": 4377795668,
        "name": "\u65b0\u534e\u7f51\u5ba2\u6237\u7aef",
        "user_verified": true
      },
      "group_id": "6873265426260820494"
    },
    {
      "video_id": "v030046e0000btdi1iie5rnsnsvhren0",
      "media_name": "\u592e\u89c6\u7f51\u65b0\u95fb",
      "ban_comment": 0,
      "abstract": "[\u65b0\u95fb\u76f4\u64ad\u95f4]\u4e91\u5357\u662d\u901a \u9ad8\u4e09\u5b66\u751f\u516d\u70b9\u6668\u8bfb\u89c6\u9891\u5f15\u7f51\u53cb\u5173\u6ce8 \u6e05\u6668\u7684\u8bfb\u4e66\u58f0\uff1a\u201c\u4e16\u95f4\u6700\u7f8e\u5999\u97f3\u4e50\u201d",
      "video_detail_info": {
        "detail_video_large_image": {
          "url": "https://p3.pstatp.com/list/tos-cn-i-0004/7560fa5ed0504a0783ee7bca9707356f",
          "width": 640,
          "height": 360
        },
        "video_id": "v030046e0000btdi1iie5rnsnsvhren0",
        "video_watch_count": 133746,
        "group_flags": 32832,
        "direct_play": 1
      },
      "image_list": [],
      "datetime": "2020-09-16 21:47",
      "article_type": 0,
      "tag": "video_edu",
      "has_m3u8_video": 0,
      "video_duration": 192,
      "display_dt": 1599807762,
      "has_mp4_video": 0,
      "aggr_type": 1,
      "cell_type": 0,
      "article_sub_type": 0,
      "bury_count": 0,
      "title": "\u4e91\u5357\u4e00\u4e2d\u5b66\u526f\u6821\u957f\u62cd\u4e0b\u9ad8\u4e09\u5b66\u751f\u516d\u70b9\u6668\u8bfb\u89c6\u9891 \u7f51\u53cb\u52a8\u60c5\u7559\u8a00",
      "source_icon_style": 1,
      "tip": 0,
      "has_video": true,
      "share_url": "https://m.toutiaoimg.cn/a6871122019430171143/?app=news_article&is_hit_share_recommend=0",
      "source": "\u592e\u89c6\u7f51\u65b0\u95fb",
      "comment_count": 611,
      "article_url": "http://toutiao.com/group/6871122019430171143/",
      "large_mode": true,
      "large_image_url": "http://p1-tt-ipv6.byteimg.com/img/tos-cn-i-0004/7560fa5ed0504a0783ee7bca9707356f~tplv-tt-cs0:640:360.jpg",
      "publish_time": 1599807762,
      "group_flags": 32833,
      "action_extra": "{\"channel_id\": 0}",
      "tag_id": "6871122019430171143",
      "source_url": "/i6871122019430171143/",
      "display_url": "http://toutiao.com/group/6871122019430171143/",
      "is_stick": false,
      "item_id": "6871122019430171143",
      "repin_count": 659,
      "cell_flag": 268697611,
      "source_open_url": "sslocal://profile?refer=video&uid=50025817786",
      "level": 0,
      "digg_count": 4704,
      "behot_time": 1600264048,
      "hot": 0,
      "cursor": 1600264048999,
      "url": "http://toutiao.com/group/6871122019430171143/",
      "user_repin": 0,
      "has_image": false,
      "video_style": 2,
      "media_info": {
        "avatar_url": "http://p9-tt-ipv6.byteimg.com/large/bc20000b91968707dab",
        "media_id": 50044041847,
        "name": "\u592e\u89c6\u7f51\u65b0\u95fb",
        "user_verified": true
      },
      "group_id": "6871122019430171143"
    },
    {
      "media_name": "\u5149\u660e\u7f51",
      "ban_comment": 0,
      "abstract": "\u8fd1\u65e5\uff0c\u5e02\u6c11\u80e1\u5148\u751f\u62a5\u6599\u79f0\uff0c\u4ed6\u548c\u4e24\u4f4d\u540c\u4e8b\u5165\u4f4f\u4e86\u5e7f\u4e1c\u7701\u5e7f\u5dde\u5e02\u5e7f\u56ed\u897f\u8def\u7684\u5e7f\u65b0\u9152\u5e97\uff0c\u4f46\u7761\u5230\u534a\u591c\u65f6\u5374\u611f\u89c9\u6709\u4ec0\u4e48\u4e0d\u5bf9\u52b2\u3002",
      "image_list": [
        {
          "url": "https://p3.pstatp.com/list/pgc-image/SApgSLzIt9tKQ0",
          "width": 640,
          "height": 360
        },
        {
          "url": "https://p3.pstatp.com/list/pgc-image/SApgSN2229e2nG",
          "width": 480,
          "height": 270
        },
        {
          "url": "https://p3.pstatp.com/list/pgc-image/SApgSNmHdClpWk",
          "width": 480,
          "height": 269
        }
      ],
      "datetime": "2020-09-16 21:40",
      "article_type": 1,
      "more_mode": true,
      "tag": "news_society",
      "has_m3u8_video": 0,
      "display_dt": 1600331638,
      "has_mp4_video": 0,
      "aggr_type": 1,
      "cell_type": 0,
      "article_sub_type": 1,
      "bury_count": 0,
      "title": "\u9152\u5e97\u7761\u5230\u534a\u591c\u5168\u8eab\u53d1\u75d2 \u7537\u5b50\u6380\u5f00\u88ab\u5b50\u61f5\u4e86\uff1a\u5168\u662f\u866b",
      "source_icon_style": 1,
      "tip": 0,
      "has_video": false,
      "share_url": "http://toutiao.com/group/6873372051797705229/?app=news_article&is_hit_share_recommend=0",
      "source": "\u5149\u660e\u7f51",
      "comment_count": 3,
      "article_url": "https://m.gmw.cn/toutiao/2020-09/17/content_1301575516.htm",
      "publish_time": 1600331638,
      "group_flags": 0,
      "gallary_image_count": 4,
      "action_extra": "{\"channel_id\": 0}",
      "tag_id": "6873372051797705229",
      "source_url": "/item/6873372051797705229/",
      "display_url": "http://toutiao.com/group/6873372051797705229/",
      "is_stick": false,
      "item_id": "6873372051797705229",
      "repin_count": 10,
      "cell_flag": 268697611,
      "source_open_url": "sslocal://profile?uid=5806115967",
      "level": 0,
      "digg_count": 47,
      "behot_time": 1600263649,
      "hot": 0,
      "cursor": 1600263649999,
      "url": "https://m.gmw.cn/toutiao/2020-09/17/content_1301575516.htm",
      "like_count": 44,
      "user_repin": 0,
      "has_image": true,
      "video_style": 0,
      "media_info": {
        "avatar_url": "http://p6-tt-ipv6.byteimg.com/large/pgc-image/1f702ff89f9e4c45a2c23c6bb607309e",
        "media_id": 5806115967,
        "name": "\u5149\u660e\u7f51",
        "user_verified": true
      },
      "group_id": "6873372051797705229"
    },
    {
      "video_id": "v02004040000bthiscpbv5h304r0b9cg",
      "media_name": "\u89e3\u653e\u519b\u65b0\u95fb\u4f20\u64ad\u4e2d\u5fc3\u878d\u5a92\u4f53",
      "ban_comment": 0,
      "abstract": "\u8fd1\u65e5\uff0c\u6b66\u8b66\u90e8\u961f\u201c\u5dc5\u5cf0-2020\u00b7\u798f\u5efa\u7701\u603b\u961f\u201d\u7279\u6218\u4fa6\u5bdf\u6bd4\u6b66\u5728\u798f\u5dde\u67d0\u8bad\u7ec3\u57fa\u5730\u5706\u6ee1\u843d\u4e0b\u5e37\u5e55\u3002#\u594b\u6597\u5f3a\u519b# \u4e00\u5206\u949f\u8d85\u71c3\u6df7\u526a\uff0c\u5e26\u4f60\u56de\u987e\u8fd9\u573a\u5dc5\u5cf0\u5bf9\u51b3\u2193",
      "video_detail_info": {
        "detail_video_large_image": {
          "url": "https://p3.pstatp.com/list/tos-cn-i-0004/9589db725ff24117a96993e15edf1f4b",
          "width": 640,
          "height": 360
        },
        "video_id": "v02004040000bthiscpbv5h304r0b9cg",
        "video_watch_count": 322,
        "group_flags": 32832,
        "direct_play": 1
      },
      "image_list": [],
      "datetime": "2020-09-16 21:34",
      "article_type": 0,
      "tag": "video_military",
      "has_m3u8_video": 0,
      "video_duration": 55,
      "display_dt": 1600335588,
      "has_mp4_video": 0,
      "aggr_type": 1,
      "cell_type": 0,
      "article_sub_type": 0,
      "bury_count": 0,
      "title": "\u8d85\u71c3\u6df7\u526a\uff01\u73b0\u573a\u770b\u7279\u6218\u961f\u5458\u7684\u201c\u5dc5\u5cf0\u201d\u5bf9\u51b3",
      "source_icon_style": 1,
      "tip": 0,
      "has_video": true,
      "share_url": "https://m.toutiaoimg.cn/a6873389014833955340/?app=news_article&is_hit_share_recommend=0",
      "source": "\u89e3\u653e\u519b\u65b0\u95fb\u4f20\u64ad\u4e2d\u5fc3\u878d\u5a92\u4f53",
      "comment_count": 0,
      "article_url": "http://toutiao.com/group/6873389014833955340/",
      "large_mode": true,
      "large_image_url": "http://p26-tt.byteimg.com/img/tos-cn-i-0004/9589db725ff24117a96993e15edf1f4b~tplv-tt-cs0:640:360.jpg",
      "publish_time": 1600335588,
      "group_flags": 32833,
      "action_extra": "{\"channel_id\": 0}",
      "tag_id": "6873389014833955340",
      "source_url": "/i6873389014833955340/",
      "display_url": "http://toutiao.com/group/6873389014833955340/",
      "is_stick": false,
      "item_id": "6873389014833955340",
      "repin_count": 1,
      "cell_flag": 268697611,
      "source_open_url": "sslocal://profile?refer=video&uid=5786921589",
      "level": 0,
      "digg_count": 34,
      "behot_time": 1600263249,
      "hot": 0,
      "cursor": 1600263249999,
      "url": "http://toutiao.com/group/6873389014833955340/",
      "user_repin": 0,
      "has_image": false,
      "video_style": 2,
      "media_info": {
        "avatar_url": "http://p3-tt-ipv6.byteimg.com/large/12284/4086236459",
        "media_id": 5786921589,
        "name": "\u89e3\u653e\u519b\u65b0\u95fb\u4f20\u64ad\u4e2d\u5fc3\u878d\u5a92\u4f53",
        "user_verified": true
      },
      "group_id": "6873389014833955340"
    },
    {
      "media_name": "\u5de5\u4eba\u65e5\u62a5",
      "ban_comment": 0,
      "abstract": "\u201c\u6563\u88c5\u536b\u751f\u5dfe\u201d\u7684\u70ed\u641c\u8bc4\u8bba\u523a\u75db\u4e86\u963f\u83b1\u3002\u90a3\u53e5\u201c\u6211\u6709\u96be\u5904\u201d\uff0c\u8ba9\u5979\u60f3\u8d77\u8d2b\u56f0\u7684\u9752\u6625\u671f\uff0c\u81ea\u5df1\u4e3a\u4e86\u7701\u4e0b\u4e00\u7247\u536b\u751f\u5dfe\uff0c\u662f\u600e\u6837\u628a\u5851\u6599\u888b\u57ab\u5728\u5185\u88e4\u4e0a\uff0c\u518d\u57ab\u4e0a\u4e00\u5c42\u7eb8\uff0c\u6765\u5e94\u4ed8\u90a3\u4e2a\u201c\u8bf4\u4e0d\u51fa\u53e3\u201d\u7684\u70e6\u607c\u3002",
      "image_list": [
        {
          "url": "https://p3.pstatp.com/list/pgc-image/S90qIzj8S9V5eC",
          "width": 640,
          "height": 360
        },
        {
          "url": "https://p3.pstatp.com/list/pgc-image/S90qJ0RFEoNoBf",
          "width": 1021,
          "height": 574
        },
        {
          "url": "https://p3.pstatp.com/list/pgc-image/S9KSjK7IooHDAA",
          "width": 1080,
          "height": 607
        }
      ],
      "datetime": "2020-09-16 21:27",
      "article_type": 0,
      "more_mode": true,
      "tag": "news_media",
      "has_m3u8_video": 0,
      "display_dt": 1598969395,
      "has_mp4_video": 0,
      "aggr_type": 1,
      "cell_type": 0,
      "article_sub_type": 0,
      "bury_count": 0,
      "title": "\u7528\u6563\u88c5\u536b\u751f\u5dfe\u7684\u5c11\u5973",
      "source_icon_style": 1,
      "tip": 0,
      "has_video": false,
      "share_url": "http://toutiao.com/group/6867521260054643214/?app=news_article&is_hit_share_recommend=0",
      "source": "\u5de5\u4eba\u65e5\u62a5",
      "comment_count": 138,
      "article_url": "http://mp.weixin.qq.com/s?__biz=MzA4NTE1NzAwMw==&mid=2649506032&idx=1&sn=10e67137401ed62790d6d37bbde5cfae",
      "publish_time": 1598969395,
      "group_flags": 0,
      "gallary_image_count": 6,
      "action_extra": "{\"channel_id\": 0}",
      "tag_id": "6867521260054643214",
      "source_url": "/i6867521260054643214/",
      "display_url": "http://toutiao.com/group/6867521260054643214/",
      "is_stick": false,
      "item_id": "6867521260054643214",
      "repin_count": 559,
      "cell_flag": 268697611,
      "source_open_url": "sslocal://profile?uid=5927757471",
      "level": 0,
      "digg_count": 786,
      "behot_time": 1600262848,
      "hot": 0,
      "cursor": 1600262848999,
      "url": "http://mp.weixin.qq.com/s?__biz=MzA4NTE1NzAwMw==&mid=2649506032&idx=1&sn=10e67137401ed62790d6d37bbde5cfae",
      "like_count": 554,
      "user_repin": 0,
      "has_image": true,
      "video_style": 0,
      "media_info": {
        "avatar_url": "http://p1-tt-ipv6.byteimg.com/large/user-avatar/262b17c29ec724f9ef212fec1b1cb850",
        "media_id": 5927757471,
        "name": "\u5de5\u4eba\u65e5\u62a5",
        "user_verified": true
      },
      "group_id": "6867521260054643214"
    },
    {
      "video_id": "v02004cc0000bru326mgnco1u8gc4ff0",
      "media_name": "\u4eba\u6c11\u7f51",
      "ban_comment": 0,
      "abstract": "\u201c\u7f8e\u597d\u4e2d\u56fd\u201d\u4e91\u665a\u4f1a\uff1a\u5f20\u9753\u9896\u300a\u6211\u7684\u68a6\u300b+\u300a\u6211\u76f8\u4fe1\u300b",
      "video_detail_info": {
        "detail_video_large_image": {
          "url": "https://p3.pstatp.com/list/tos-cn-i-0004/1b45ab26214b4df185ea06d9d8d84141",
          "width": 640,
          "height": 360
        },
        "video_id": "v02004cc0000bru326mgnco1u8gc4ff0",
        "video_watch_count": 78265,
        "group_flags": 32832,
        "direct_play": 1
      },
      "image_list": [],
      "datetime": "2020-09-16 21:20",
      "article_type": 0,
      "tag": "video_music",
      "has_m3u8_video": 0,
      "video_duration": 332,
      "display_dt": 1593587325,
      "has_mp4_video": 0,
      "aggr_type": 1,
      "cell_type": 0,
      "article_sub_type": 0,
      "bury_count": 5,
      "title": "\u201c\u7f8e\u597d\u4e2d\u56fd\u201d\u4e91\u665a\u4f1a\uff1a\u5f20\u9753\u9896\u300a\u6211\u7684\u68a6\u300b+\u300a\u6211\u76f8\u4fe1\u300b",
      "source_icon_style": 1,
      "tip": 0,
      "has_video": true,
      "share_url": "https://m.toutiaoimg.cn/a6844405444077683211/?app=news_article&is_hit_share_recommend=0",
      "source": "\u4eba\u6c11\u7f51",
      "comment_count": 258,
      "article_url": "http://toutiao.com/group/6844405444077683211/",
      "large_mode": true,
      "large_image_url": "http://p6-tt-ipv6.byteimg.com/img/tos-cn-i-0004/1b45ab26214b4df185ea06d9d8d84141~tplv-tt-cs0:640:360.jpg",
      "publish_time": 1593587325,
      "group_flags": 32833,
      "action_extra": "{\"channel_id\": 0}",
      "tag_id": "6844405444077683211",
      "source_url": "/i6844405444077683211/",
      "display_url": "http://toutiao.com/group/6844405444077683211/",
      "is_stick": false,
      "item_id": "6844405444077683211",
      "repin_count": 1082,
      "cell_flag": 268697611,
      "source_open_url": "sslocal://profile?refer=video&uid=50502346173",
      "level": 0,
      "digg_count": 2977,
      "behot_time": 1600262446,
      "hot": 0,
      "cursor": 1600262446999,
      "url": "http://toutiao.com/group/6844405444077683211/",
      "user_repin": 0,
      "has_image": false,
      "video_style": 2,
      "media_info": {
        "avatar_url": "http://p26-tt.byteimg.com/large/321a3000c5e6f2b8f8b55",
        "media_id": 50502346173,
        "name": "\u4eba\u6c11\u7f51",
        "user_verified": true
      },
      "group_id": "6844405444077683211"
    },
    {
      "media_name": "\u4e2d\u592e\u653f\u6cd5\u59d4\u957f\u5b89\u5251",
      "ban_comment": 0,
      "abstract": "9\u670817\u65e5\uff0c\u6700\u9ad8\u4eba\u6c11\u68c0\u5bdf\u9662\u3001\u516c\u5b89\u90e8\u8054\u5408\u7763\u5bfc\u7ec4\u901a\u62a5\u9c8d\u67d0\u67d0\u6d89\u5acc\u6027\u4fb5\u97e9\u67d0\u67d0\u6848\u8c03\u67e5\u60c5\u51b5\u3002\u7ecf\u5168\u9762\u6df1\u5165\u8c03\u67e5\uff0c\u73b0\u6709\u8bc1\u636e\u4e0d\u80fd\u8bc1\u5b9e\u9c8d\u67d0\u67d0\u7684\u884c\u4e3a\u6784\u6210\u6027\u4fb5\u72af\u7f6a\u3002",
      "image_list": [],
      "datetime": "2020-09-16 21:14",
      "article_type": 0,
      "tag": "legal",
      "has_m3u8_video": 0,
      "display_dt": 1600326003,
      "has_mp4_video": 0,
      "aggr_type": 1,
      "cell_type": 0,
      "article_sub_type": 0,
      "bury_count": 0,
      "title": "\u5173\u4e8e\u9c8d\u67d0\u67d0\u6848\uff0c\u6700\u9ad8\u68c0\u3001\u516c\u5b89\u90e8\u8054\u5408\u7763\u5bfc\u7ec4\u8c03\u67e5\u62a5\u544a\u6765\u4e86\uff01",
      "source_icon_style": 1,
      "tip": 0,
      "has_video": false,
      "share_url": "http://toutiao.com/a6873283057084793357/?app=news_article&is_hit_share_recommend=0",
      "source": "\u4e2d\u592e\u653f\u6cd5\u59d4\u957f\u5b89\u5251",
      "comment_count": 53,
      "article_url": "http://toutiao.com/group/6873283057084793357/",
      "publish_time": 1600326003,
      "group_flags": 0,
      "middle_mode": true,
      "action_extra": "{\"channel_id\": 0}",
      "tag_id": "6873283057084793357",
      "source_url": "/i6873283057084793357/",
      "display_url": "http://toutiao.com/group/6873283057084793357/",
      "is_stick": false,
      "item_id": "6873283057084793357",
      "repin_count": 281,
      "cell_flag": 268697611,
      "source_open_url": "sslocal://profile?uid=5722241627",
      "level": 0,
      "digg_count": 1007,
      "behot_time": 1600262042,
      "hot": 0,
      "cursor": 1600262042999,
      "url": "http://toutiao.com/group/6873283057084793357/",
      "like_count": 711,
      "image_url": "https://p3.pstatp.com/list/pgc-image/64ff52e0e18949138d15fe256b3f666c",
      "user_repin": 0,
      "has_image": false,
      "video_style": 0,
      "media_info": {
        "avatar_url": "http://p6-tt-ipv6.byteimg.com/large/dc0d0001c1a027f404a6",
        "media_id": 5722241627,
        "name": "\u4e2d\u592e\u653f\u6cd5\u59d4\u957f\u5b89\u5251",
        "user_verified": true
      },
      "group_id": "6873283057084793357"
    },
    {
      "media_name": "\u4e2d\u56fd\u7f51",
      "ban_comment": 0,
      "abstract": "8\u670829\u65e5\u508d\u665a\uff0c\u54c8\u5c14\u6ee8\u4eba\u674e\u6210\u53d1\u73b0\u5973\u513f\u5a9b\u5a9b\u4e0d\u89c1\u4e86\u3002\u4ed6\u62a5\u4e86\u8b66\uff0c\u4ece\u8b66\u65b9\u8c03\u53d6\u7684\u76d1\u63a7\u89c6\u9891\u4e2d\u770b\u5230\uff0c5\u5c81\u7684\u5973\u513f\u662f\u88ab\u540c\u6751\u7537\u5b50\u5218\u67d0\u67d0\u5e26\u8d70\u7684\u3002",
      "image_list": [],
      "datetime": "2020-09-16 21:07",
      "article_type": 0,
      "tag": "legal",
      "has_m3u8_video": 0,
      "display_dt": 1600213231,
      "has_mp4_video": 0,
      "aggr_type": 1,
      "cell_type": 0,
      "article_sub_type": 0,
      "bury_count": 0,
      "title": "\u4e94\u5c81\u5973\u7ae5\u88ab\u540c\u6751\u7537\u5b50\u6027\u4fb5\u6d51\u8eab\u662f\u4f24 \u5acc\u72af\u957f\u671f\u9157\u9152",
      "source_icon_style": 1,
      "tip": 0,
      "has_video": false,
      "share_url": "http://toutiao.com/group/6872863497307292168/?app=news_article&is_hit_share_recommend=0",
      "source": "\u4e2d\u56fd\u7f51",
      "comment_count": 13,
      "article_url": "http://news.china.com.cn/2020-09/16/content_76707026.htm",
      "publish_time": 1600213231,
      "group_flags": 0,
      "action_extra": "{\"channel_id\": 0}",
      "tag_id": "6872863497307292168",
      "source_url": "/i6872863497307292168/",
      "display_url": "http://toutiao.com/group/6872863497307292168/",
      "is_stick": false,
      "item_id": "6872863497307292168",
      "repin_count": 196,
      "cell_flag": 268697611,
      "source_open_url": "sslocal://profile?uid=3350881978",
      "level": 0,
      "digg_count": 2193,
      "behot_time": 1600261638,
      "hot": 0,
      "cursor": 1600261638999,
      "url": "http://news.china.com.cn/2020-09/16/content_76707026.htm",
      "like_count": 1376,
      "user_repin": 0,
      "has_image": false,
      "video_style": 0,
      "media_info": {
        "avatar_url": "http://p6-tt-ipv6.byteimg.com/large/pgc-image/2f20f58aab044201a1008d922b7b4b18",
        "media_id": 3359968622,
        "name": "\u4e2d\u56fd\u7f51",
        "user_verified": true
      },
      "group_id": "6872863497307292168"
    },
    {
      "video_id": "v03004570000btfjjivu70home4d805g",
      "media_name": "\u592e\u89c6\u7f51",
      "ban_comment": 1,
      "abstract": "",
      "video_detail_info": {
        "detail_video_large_image": {
          "url": "https://p3.pstatp.com/list/tos-cn-i-0004/1ac62de952844799aa8fd082c4f8b2e6",
          "width": 640,
          "height": 360
        },
        "video_id": "v03004570000btfjjivu70home4d805g",
        "video_watch_count": 46220,
        "group_flags": 32832,
        "direct_play": 1
      },
      "image_list": [],
      "datetime": "2020-09-16 21:00",
      "article_type": 0,
      "tag": "video_domestic",
      "has_m3u8_video": 0,
      "video_duration": 230,
      "display_dt": 1600076737,
      "has_mp4_video": 0,
      "aggr_type": 1,
      "cell_type": 0,
      "article_sub_type": 0,
      "bury_count": 3,
      "title": "\u201c\u5982\u679c\u518d\u665a\u4e24\u5206\u949f\u2026\u201d\u8f7d\u51e0\u5341\u4eba\u96be\u6c11\u8239\u884c\u5c06\u7ffb\u8986 \u4e2d\u56fd\u8d27\u8239\u51fa\u624b\u76f8\u6551",
      "source_icon_style": 1,
      "tip": 0,
      "has_video": true,
      "share_url": "https://m.toutiaoimg.cn/a6872277258866786830/?app=news_article&is_hit_share_recommend=0",
      "source": "\u592e\u89c6\u7f51",
      "comment_count": 0,
      "article_url": "http://toutiao.com/group/6872277258866786830/",
      "large_mode": true,
      "large_image_url": "http://p3-tt-ipv6.byteimg.com/img/tos-cn-i-0004/1ac62de952844799aa8fd082c4f8b2e6~tplv-tt-cs0:640:360.jpg",
      "publish_time": 1600076737,
      "group_flags": 32833,
      "action_extra": "{\"channel_id\": 0}",
      "tag_id": "6872277258866786830",
      "source_url": "/i6872277258866786830/",
      "display_url": "http://toutiao.com/group/6872277258866786830/",
      "is_stick": false,
      "item_id": "6872277258866786830",
      "repin_count": 81,
      "cell_flag": 268697611,
      "source_open_url": "sslocal://profile?refer=video&uid=5949816472",
      "level": 0,
      "digg_count": 2105,
      "behot_time": 1600261233,
      "hot": 0,
      "cursor": 1600261233999,
      "url": "http://toutiao.com/group/6872277258866786830/",
      "user_repin": 0,
      "has_image": false,
      "video_style": 2,
      "media_info": {
        "avatar_url": "http://p6-tt-ipv6.byteimg.com/large/4d0004063a0a1de1f7",
        "media_id": 5949816472,
        "name": "\u592e\u89c6\u7f51",
        "user_verified": true
      },
      "group_id": "6872277258866786830"
    },
    {
      "media_name": "\u5149\u660e\u7f51",
      "ban_comment": 0,
      "abstract": "\u5343\u4e07\u522b\u5c0f\u77a7\u8f66\u7a97\u8d77\u96fe\u7684\u5371\u5bb3\u3002\u5224\u65ad\u80fd\u529b\u4e0b\u964d\u3001\u7528\u6bdb\u5dfe\u64e6\u5206\u6563\u7cbe\u529b\u2026\u82e5\u4e0d\u53ca\u65f6\u6e05\u9664\uff0c\u6781\u6613\u5bfc\u81f4\u4ea4\u901a\u610f\u5916\u3002\u5f53\u201c\u96fe\u201d\u4e4b\u6025\u600e\u4e48\u505a?",
      "image_list": [],
      "datetime": "2020-09-16 20:53",
      "article_type": 1,
      "tag": "news_society",
      "has_m3u8_video": 0,
      "display_dt": 1599906953,
      "has_mp4_video": 0,
      "aggr_type": 1,
      "cell_type": 0,
      "article_sub_type": 1,
      "bury_count": 0,
      "title": "\u8f66\u7a97\u8d77\u96fe\u600e\u4e48\u529e\uff1f\u5f00\u51b7\u98ce\u8fd8\u662f\u6696\u98ce\uff1f\u6559\u4f60\u51e0\u62db\u5feb\u901f\u89c1\u6548",
      "source_icon_style": 1,
      "tip": 0,
      "has_video": false,
      "share_url": "http://toutiao.com/group/6871548043603214861/?app=news_article&article_category=automobile&is_hit_share_recommend=0",
      "source": "\u5149\u660e\u7f51",
      "comment_count": 3,
      "article_url": "https://m.gmw.cn/toutiao/2020-09/12/content_1301556034.htm",
      "publish_time": 1599906953,
      "group_flags": 0,
      "middle_mode": true,
      "gallary_image_count": 9,
      "action_extra": "{\"channel_id\": 0}",
      "tag_id": "6871548043603214861",
      "source_url": "/item/6871548043603214861/",
      "display_url": "http://toutiao.com/group/6871548043603214861/",
      "is_stick": false,
      "item_id": "6871548043603214861",
      "repin_count": 293,
      "cell_flag": 268697611,
      "source_open_url": "sslocal://profile?uid=5806115967",
      "level": 0,
      "digg_count": 277,
      "behot_time": 1600260827,
      "hot": 0,
      "cursor": 1600260827999,
      "url": "https://m.gmw.cn/toutiao/2020-09/12/content_1301556034.htm",
      "like_count": 241,
      "image_url": "https://p3.pstatp.com/list/pgc-image/SAMwUBr8YxRELz",
      "user_repin": 0,
      "has_image": true,
      "video_style": 0,
      "media_info": {
        "avatar_url": "http://p6-tt-ipv6.byteimg.com/large/pgc-image/1f702ff89f9e4c45a2c23c6bb607309e",
        "media_id": 5806115967,
        "name": "\u5149\u660e\u7f51",
        "user_verified": true
      },
      "group_id": "6871548043603214861"
    },
    {
      "media_name": "\u65b0\u534e\u7f51\u5ba2\u6237\u7aef",
      "ban_comment": 0,
      "abstract": "\u5929\u5c71\u811a\u4e0b\uff0c\u6709\u4e00\u7fa4\u6765\u81ea\u4e94\u6e56\u56db\u6d77\u7684\u5973\u5175\uff0c\u5979\u4eec\u5165\u4f0d\u81f3\u4eca\u5df2\u8fd1\u4e00\u5e74\u3002\u624b\u63e1\u94a2\u67aa\u3001\u4fdd\u5bb6\u536b\u56fd\uff0c\u5979\u4eec\u4ece\u9ad8\u6821\u65b0\u751f\u53d8\u6210\u4e86\u519b\u4e2d\u7eff\u82b1\uff0c\u4ece\u67d4\u5f31\u59d1\u5a18\u53d8\u6210\u4e86\u94ff\u9535\u73ab\u7470\u3002",
      "image_list": [],
      "datetime": "2020-09-16 20:47",
      "article_type": 0,
      "tag": "news_military",
      "has_m3u8_video": 0,
      "display_dt": 1598692377,
      "has_mp4_video": 0,
      "aggr_type": 1,
      "cell_type": 0,
      "article_sub_type": 0,
      "bury_count": 1,
      "title": "\u5973\u5175\u5165\u4f0d\u524d\u540e\u5bf9\u6bd4\u7167\uff1a\u6709\u4e00\u79cd\u8715\u53d8\u53eb\u53c2\u519b",
      "source_icon_style": 1,
      "tip": 0,
      "has_video": false,
      "share_url": "http://toutiao.com/group/6866331478989472263/?app=news_article&is_hit_share_recommend=0",
      "source": "\u65b0\u534e\u7f51\u5ba2\u6237\u7aef",
      "comment_count": 814,
      "article_url": "http://my-h5news.app.xinhuanet.com/h5/article.html?articleId=71f5b84052a61a0ba094d007f6cdbe60",
      "large_mode": true,
      "large_image_url": "http://p1-tt-ipv6.byteimg.com/img/pgc-image/S92kFtk6Pg945T~tplv-tt-cs0:640:360.jpg",
      "publish_time": 1598692377,
      "group_flags": 0,
      "gallary_image_count": 9,
      "action_extra": "{\"channel_id\": 0}",
      "tag_id": "6866331478989472263",
      "source_url": "/i6866331478989472263/",
      "display_url": "http://toutiao.com/group/6866331478989472263/",
      "is_stick": false,
      "item_id": "6866331478989472263",
      "repin_count": 549,
      "cell_flag": 268697611,
      "source_open_url": "sslocal://profile?uid=4377795668",
      "level": 0,
      "digg_count": 2164,
      "behot_time": 1600260420,
      "hot": 0,
      "cursor": 1600260420999,
      "url": "http://my-h5news.app.xinhuanet.com/h5/article.html?articleId=71f5b84052a61a0ba094d007f6cdbe60",
      "like_count": 2008,
      "user_repin": 0,
      "has_image": true,
      "video_style": 0,
      "media_info": {
        "avatar_url": "http://p1-tt-ipv6.byteimg.com/large/pgc-image/03f6307ae99745119fa95747f9d9e525",
        "media_id": 4377795668,
        "name": "\u65b0\u534e\u7f51\u5ba2\u6237\u7aef",
        "user_verified": true
      },
      "group_id": "6866331478989472263"
    },
    {
      "media_name": "\u4e2d\u56fd\u8bc1\u5238\u62a5",
      "ban_comment": 0,
      "abstract": "\u963f\u91cc\u5df4\u5df4\u201c\u52a8\u7269\u56ed\u201d\u7684\u65b0\u6210\u5458\u201c\u7280\u725b\u201d\u6b63\u5f0f\u4eae\u76f8\u30029\u670816\u65e5\uff0c\u963f\u91cc\u5df4\u5df4\u5ba3\u5e03\uff0c\u963f\u91cc\u6253\u9020\u7684\u5168\u7403\u9996\u4e2a\u65b0\u5236\u9020\u5e73\u53f0\u2014\u2014\u7280\u725b\u667a\u9020\u5728\u676d\u5dde\u6b63\u5f0f\u6295\u4ea7\u3002\u201c\u7280\u725b\u201d\u80fd\u6709\u591a\u201c\u667a\u9020\u201d?\u636e\u8bf4\uff0c\u672a\u6765\u5c06\u5b9e\u73b05\u5206\u949f\u751f\u4ea72000\u4ef6\u4e0d\u540c\u7684\u8863\u670d\u3002\u963f\u91cc\u201c\u65b0\u5236\u9020\u201d\u843d\u5730\u3002\u636e\u6089\uff0c\u8fd9\u4e00\u6218\u7565\u7ea7\u9879\u76ee\u5df2\u4fdd\u5bc6\u8fd0\u884c3\u5e74\uff0c\u662f\u963f\u91cc\u5df4\u5df4\u201c\u4e94\u65b0\u201d\u6218\u7565\u4e2d\u201c\u65b0\u5236\u9020\u201d\u7684\u843d\u5730\u30022016\u5e7410\u6708\uff0c\u963f\u91cc\u5df4\u5df4\u521b\u59cb\u4eba\u9a6c\u4e91\u5728\u4e91\u6816\u5927\u4f1a\u9996\u6b21\u63d0\u51fa\u201c\u4e94\u65b0\u201d:\u65b0\u96f6\u552e\u3001\u65b0\u91d1\u878d\u3001\u65b0\u5236\u9020\u3001\u65b0\u6280\u672f\u3001\u65b0\u80fd\u6e90\u3002",
      "image_list": [
        {
          "url": "https://p3.pstatp.com/list/pgc-image/SAlp1D8JGxJiD7",
          "width": 640,
          "height": 360
        },
        {
          "url": "https://p3.pstatp.com/list/pgc-image/SAlp1Dl3WtZCmE",
          "width": 583,
          "height": 271
        },
        {
          "url": "https://p3.pstatp.com/list/pgc-image/SAlp1EDDIgGkFI",
          "width": 746,
          "height": 466
        }
      ],
      "datetime": "2020-09-16 20:40",
      "article_type": 0,
      "more_mode": true,
      "tag": "news_tech",
      "has_m3u8_video": 0,
      "display_dt": 1600274578,
      "has_mp4_video": 0,
      "aggr_type": 1,
      "cell_type": 0,
      "article_sub_type": 0,
      "bury_count": 0,
      "title": "\u79d8\u5bc6\u8fd0\u884c3\u5e74\uff0c\u201c\u963f\u91cc\u52a8\u7269\u56ed\u201d\u65b0\u6210\u5458\u201c\u7280\u725b\u667a\u9020\u201d\u4eae\u76f8\uff015\u5206\u949f\u53ef\u751f\u4ea72000\u4ef6\u4e0d\u540c\u7684\u8863\u670d",
      "source_icon_style": 1,
      "tip": 0,
      "has_video": false,
      "share_url": "http://toutiao.com/group/6873126979252519438/?app=news_article&is_hit_share_recommend=0",
      "source": "\u4e2d\u56fd\u8bc1\u5238\u62a5",
      "comment_count": 11,
      "article_url": "http://mp.weixin.qq.com/s?__biz=MjM5MzMwNjM0MA==&mid=2650816808&idx=2&sn=c8b8b007f3c5b07d74545a77105744db",
      "publish_time": 1600274578,
      "group_flags": 0,
      "gallary_image_count": 3,
      "action_extra": "{\"channel_id\": 0}",
      "tag_id": "6873126979252519438",
      "source_url": "/i6873126979252519438/",
      "display_url": "http://toutiao.com/group/6873126979252519438/",
      "is_stick": false,
      "item_id": "6873126979252519438",
      "repin_count": 30,
      "cell_flag": 268697611,
      "source_open_url": "sslocal://profile?uid=3701139224",
      "level": 0,
      "digg_count": 15,
      "behot_time": 1600260012,
      "hot": 0,
      "cursor": 1600260012999,
      "url": "http://mp.weixin.qq.com/s?__biz=MjM5MzMwNjM0MA==&mid=2650816808&idx=2&sn=c8b8b007f3c5b07d74545a77105744db",
      "like_count": 10,
      "user_repin": 0,
      "has_image": true,
      "video_style": 0,
      "media_info": {
        "avatar_url": "http://p26-tt.byteimg.com/large/fe5b000013cbab385bc9",
        "media_id": 3701662541,
        "name": "\u4e2d\u56fd\u8bc1\u5238\u62a5",
        "user_verified": false
      },
      "group_id": "6873126979252519438"
    },
    {
      "log_extra": "{\"ad_price\":\"X2NeWf_x265fY15Z__Hbrj7gX435DOXs1gvzjw\",\"bdid\":\"8ffea2219d3a09d2ca3c1d8f5cfc6a897c4780bcc59a5eeb805e4cc8f68bfe68\",\"clickid\":\"EJ6IyqKjrP0CGIeMoJDP4taxXyAAMA04AUIUMjY3MzI0NDE2MDAzNDc3MzY4MzVIAQ\",\"convert_component_suspend\":0,\"convert_id\":0,\"external_action\":0,\"orit\":1,\"req_id\":\"26732441600347736835\",\"rit\":1}",
      "ban_comment": 1,
      "abstract": "",
      "image_list": [],
      "datetime": "2020-09-16 18:59",
      "article_type": 1,
      "tag": "ad.platform.site",
      "display_info": "\u542f\u8fb0\u661f\uff0c\u4e1c\u98ce\u65e5\u4ea7\u9020\uff0c10\u5e74\u611f\u6069\u5b63\uff0c2\u4e07\u5f00\u56de\u5bb6\uff01",
      "has_m3u8_video": 0,
      "display_dt": 1599482591,
      "has_mp4_video": 0,
      "aggr_type": 1,
      "ad_track_url_list": [
        "https://v.admaster.com.cn/i/a142083,b4132979,c2343,i0,m202,8a2,8b1,1k8ffea2219d3a09d2ca3c1d8f5cfc6a897c4780bcc59a5eeb805e4cc8f68bfe68,l0.0x0.0x100.0,h"
      ],
      "cell_type": 0,
      "article_sub_type": 0,
      "bury_count": 0,
      "title": "\u542f\u8fb0\u661f\uff0c\u4e1c\u98ce\u65e5\u4ea7\u9020\uff0c10\u5e74\u611f\u6069\u5b63\uff0c2\u4e07\u5f00\u56de\u5bb6\uff01",
      "source_icon_style": 3,
      "tip": 0,
      "has_video": false,
      "share_url": "http://m.toutiao.com/group/6869725386486383117/?app=news_article",
      "label": "\u5e7f\u544a",
      "source": "\u4e1c\u98ce\u542f\u8fb0",
      "comment_count": 2,
      "article_url": "https://www.chengzijianzhan.com/tetris/page/6867829557203025927/?clickid=EJ6IyqKjrP0CGIeMoJDP4taxXyAAMA04AUIUMjY3MzI0NDE2MDAzNDc3MzY4MzVIAQ&ad_id=1677177319737355&cid=1677177016976414&req_id=26732441600347736835",
      "track_url_list": [
        "https://v.admaster.com.cn/i/a142083,b4132979,c2343,i0,m202,8a2,8b1,1k8ffea2219d3a09d2ca3c1d8f5cfc6a897c4780bcc59a5eeb805e4cc8f68bfe68,l0.0x0.0x100.0,h"
      ],
      "large_mode": true,
      "track_url": "https://v.admaster.com.cn/i/a142083,b4132979,c2343,i0,m202,8a2,8b1,1k8ffea2219d3a09d2ca3c1d8f5cfc6a897c4780bcc59a5eeb805e4cc8f68bfe68,l0.0x0.0x100.0,h",
      "large_image_url": "http://sf3-ttcdn-tos.pstatp.com/img/web.business.image/202009075d0df0df130923da4b56a648~640x0.image?from=ad",
      "publish_time": 1599482591,
      "ad_id": 1677177016976414,
      "group_flags": 4096,
      "expire_seconds": 615403,
      "has_image": false,
      "tag_id": "6869725386486383117",
      "source_url": "/item/6869725386486383117/",
      "ad_track_url": "https://v.admaster.com.cn/i/a142083,b4132979,c2343,i0,m202,8a2,8b1,1k8ffea2219d3a09d2ca3c1d8f5cfc6a897c4780bcc59a5eeb805e4cc8f68bfe68,l0.0x0.0x100.0,h",
      "display_url": "https://www.chengzijianzhan.com/tetris/page/6867829557203025927/?clickid=EJ6IyqKjrP0CGIeMoJDP4taxXyAAMA04AUIUMjY3MzI0NDE2MDAzNDc3MzY4MzVIAQ&ad_id=1677177319737355&cid=1677177016976414&req_id=26732441600347736835",
      "is_stick": false,
      "item_id": "6869725386486383117",
      "repin_count": 11,
      "cell_flag": 268697610,
      "source_open_url": "sslocal://search?from=feed_source&keyword=%E4%B8%9C%E9%A3%8E%E5%90%AF%E8%BE%B0",
      "level": 0,
      "source_avatar": "http://sf3-ttcdn-tos.pstatp.com/obj/web.business.image/202009075d0d3ae4f6668ceb43b2af88?from=ad",
      "digg_count": 19,
      "behot_time": 1600253976,
      "hot": 0,
      "cursor": 1600253976999,
      "url": "https://www.chengzijianzhan.com/tetris/page/6867829557203025927/?clickid=EJ6IyqKjrP0CGIeMoJDP4taxXyAAMA04AUIUMjY3MzI0NDE2MDAzNDc3MzY4MzVIAQ&ad_id=1677177319737355&cid=1677177016976414&req_id=26732441600347736835",
      "ad_label": "\u5e7f\u544a",
      "user_repin": 0,
      "label_style": 3,
      "video_style": 0,
      "group_id": "6869725386486383117"
    },
    {
      "video_id": "v02004420000bs85ehk2qhp6rrdlok8g",
      "media_name": "\u73af\u7403\u65f6\u62a5",
      "ban_comment": 0,
      "abstract": "\u4e00\u8d2f\u53cd\u611f\u7f8e\u56fd\u603b\u7edf\u7279\u6717\u666e\u7684\u7f8e\u56fd\u300a\u534e\u76db\u987f\u90ae\u62a5\u300b\uff0c\u4eca\u5929\u520a\u767b\u4e86\u4e00\u7bc7\u8bc4\u8bba\u6587\u7ae0\uff0c\u79f0\u5982\u679c\u7279\u6717\u666e\u5728\u4eca\u5e7411\u6708\u7684\u7f8e\u56fd\u603b\u7edf\u5927\u9009\u4e2d\u83b7\u80dc\uff0c\u90a3\u4e48\u53f0\u6e7e\u53ef\u80fd\u5c31\u8981\u201c\u5b8c\u4e86\u201d\u3002\u8fd9\u7bc7\u8bc4\u8bba\u6587\u7ae0\u7531\u4e00\u4e2a\u540d\u53ebFrida Ghitis\u7684\u7f8e\u56fd\u5a92\u4f53\u4eba\u64b0\u5199\uff0c\u5979\u66fe\u5728\u7f8e\u56fdCNN\u62c5\u4efb\u8fc7\u591a\u5e74\u56fd\u9645\u8bb0\u8005\u3002\u800c\u5979\u4e4b\u6240\u4ee5\u8ba4\u4e3a\u5982\u679c\u7279\u6717\u666e\u8fde\u4efb\uff0c\u53f0\u6e7e\u5c31\u4f1a\u201c\u5b8c\u86cb\u201d\u4e86\u3002\uff08\u7f8e\u5a92\u8b66\u544a\uff1a\u5982\u679c\u662f\u7279\u6717\u666e\u8fde\u4efb\u7f8e\u56fd\u603b\u7edf\uff0c\u90a3\u53f0\u6e7e\u53ef\u80fd\u771f\u201c\u5b8c\u86cb\u201d\u4e86\uff09",
      "video_detail_info": {
        "detail_video_large_image": {
          "url": "https://p3.pstatp.com/list/tos-cn-i-0004/ae281956d57f4ac89fafc41f97688399",
          "width": 640,
          "height": 360
        },
        "video_id": "v02004420000bs85ehk2qhp6rrdlok8g",
        "video_watch_count": 2065618,
        "group_flags": 32832,
        "direct_play": 1
      },
      "image_list": [],
      "datetime": "2020-09-16 18:46",
      "article_type": 0,
      "tag": "video_world",
      "has_m3u8_video": 0,
      "video_duration": 151,
      "display_dt": 1594907781,
      "has_mp4_video": 0,
      "aggr_type": 1,
      "cell_type": 0,
      "article_sub_type": 0,
      "bury_count": 45,
      "title": "\u7f8e\u5a92\u8b66\u544a\uff1a\u5982\u679c\u662f\u7279\u6717\u666e\u8fde\u4efb\u7f8e\u56fd\u603b\u7edf\uff0c\u90a3\u53f0\u6e7e\u53ef\u80fd\u771f\u201c\u5b8c\u86cb\u201d\u4e86",
      "source_icon_style": 1,
      "tip": 0,
      "has_video": true,
      "share_url": "https://m.toutiaoimg.cn/a6850076758776119821/?app=news_article&is_hit_share_recommend=0",
      "source": "\u73af\u7403\u65f6\u62a5",
      "comment_count": 107,
      "article_url": "http://toutiao.com/group/6850076758776119821/",
      "large_mode": true,
      "large_image_url": "http://p9-tt-ipv6.byteimg.com/img/tos-cn-i-0004/ae281956d57f4ac89fafc41f97688399~tplv-tt-cs0:640:360.jpg",
      "publish_time": 1594907781,
      "group_flags": 32833,
      "action_extra": "{\"channel_id\": 0}",
      "tag_id": "6850076758776119821",
      "source_url": "/i6850076758776119821/",
      "display_url": "http://toutiao.com/group/6850076758776119821/",
      "is_stick": false,
      "item_id": "6850076758776119821",
      "repin_count": 3473,
      "cell_flag": 268697611,
      "source_open_url": "sslocal://profile?refer=video&uid=5787290902",
      "level": 0,
      "digg_count": 26989,
      "behot_time": 1600253165,
      "hot": 0,
      "cursor": 1600253165999,
      "url": "http://toutiao.com/group/6850076758776119821/",
      "user_repin": 0,
      "has_image": false,
      "video_style": 2,
      "media_info": {
        "avatar_url": "http://p26-tt.byteimg.com/large/pgc-image/075eede8fd104d3cbd8c3703741bdc96",
        "media_id": 5787290902,
        "name": "\u73af\u7403\u65f6\u62a5",
        "user_verified": true
      },
      "group_id": "6850076758776119821"
    },
    {
      "media_name": "\u5149\u660e\u7f51",
      "ban_comment": 0,
      "abstract": "\u592e\u89c6\u7f51\u6d88\u606f:\u8fd1\u65e5\u5728\u5b89\u5fbd\u961c\u9633\u4e00\u4f4d\u8001\u4eba\u7a81\u7136\u53d1\u75c5\uff0c\u9644\u8fd1\u5e02\u6c11\u7eb7\u7eb7\u4f38\u51fa\u63f4\u52a9\u4e4b\u624b\uff0c\u4f46\u9762\u5bf9\u4e0d\u65ad\u62bd\u6410\u7684\u8001\u4eba\uff0c\u4e00\u65f6\u4e0d\u77e5\u6240\u63aa\u3002\u5371\u6025\u65f6\u523b\uff0c\u8def\u8fc7\u7684\u4e00\u540d\u5976\u7238\u628a\u5b69\u5b50\u4e00\u628a\u585e\u7ed9\u8def\u4eba\uff0c\u7d27\u6025\u65bd\u6551\u3002",
      "image_list": [
        {
          "url": "https://p3.pstatp.com/list/pgc-image/SAp8XluHY1k4lh",
          "width": 640,
          "height": 360
        },
        {
          "url": "https://p3.pstatp.com/list/pgc-image/SAp8XmOi3N5t",
          "width": 550,
          "height": 305
        },
        {
          "url": "https://p3.pstatp.com/list/pgc-image/SAp8Xmu2PGwIML",
          "width": 550,
          "height": 303
        }
      ],
      "datetime": "2020-09-16 18:32",
      "article_type": 1,
      "more_mode": true,
      "tag": "news_society",
      "has_m3u8_video": 0,
      "display_dt": 1600323557,
      "has_mp4_video": 0,
      "aggr_type": 1,
      "cell_type": 0,
      "article_sub_type": 1,
      "bury_count": 0,
      "title": "\u4f60\u6551\u4eba\u7684\u6837\u5b50\u771f\u5e05\uff01\u9047\u8001\u4eba\u6655\u5012 \u4ed6\u628a\u5b69\u5b50\u585e\u7ed9\u8def\u4eba\u7d27\u6025\u65bd\u6551",
      "source_icon_style": 1,
      "tip": 0,
      "has_video": false,
      "share_url": "http://toutiao.com/group/6873337340434055688/?app=news_article&is_hit_share_recommend=0",
      "source": "\u5149\u660e\u7f51",
      "comment_count": 0,
      "article_url": "https://m.gmw.cn/toutiao/2020-09/17/content_1301574869.htm",
      "publish_time": 1600323557,
      "group_flags": 0,
      "gallary_image_count": 4,
      "action_extra": "{\"channel_id\": 0}",
      "tag_id": "6873337340434055688",
      "source_url": "/item/6873337340434055688/",
      "display_url": "http://toutiao.com/group/6873337340434055688/",
      "is_stick": false,
      "item_id": "6873337340434055688",
      "repin_count": 0,
      "cell_flag": 268697611,
      "source_open_url": "sslocal://profile?uid=5806115967",
      "level": 0,
      "digg_count": 2,
      "behot_time": 1600252350,
      "hot": 0,
      "cursor": 1600252350999,
      "url": "https://m.gmw.cn/toutiao/2020-09/17/content_1301574869.htm",
      "like_count": 2,
      "user_repin": 0,
      "has_image": true,
      "video_style": 0,
      "media_info": {
        "avatar_url": "http://p26-tt.byteimg.com/large/pgc-image/1f702ff89f9e4c45a2c23c6bb607309e",
        "media_id": 5806115967,
        "name": "\u5149\u660e\u7f51",
        "user_verified": true
      },
      "group_id": "6873337340434055688"
    },
    {
      "video_id": "v0201f770000btg7n0i4f9epqenktv40",
      "media_name": "\u65b0\u534e\u7f51\u5ba2\u6237\u7aef",
      "ban_comment": 1,
      "abstract": "\u5728\u9646\u519b\u822a\u7a7a\u5175\u5b66\u9662\uff0c\u65cb\u8f6c\u662f\u98de\u884c\u5458\u7684\u5fc5\u4fee\u8bfe\u3002\u5728\u76f4\u5347\u673a\u87ba\u65cb\u4e0a\u5347\u7684\u8fc7\u7a0b\u4e2d\uff0c\u98de\u884c\u5458\u8981\u5728\u9ad8\u901f\u65cb\u8f6c\u7684\u98de\u673a\u4e2d\u51c6\u786e\u627e\u5230\u65b9\u5411\u3002\u56e0\u6b64\uff0c\u5728\u8bad\u7ec3\u65f6\uff0c\u98de\u884c\u5458\u4e0d\u4ec5\u8981\u5750\u4e0a360\u5ea6\u65cb\u8f6c\u7684\u8f6c\u6905\uff0c\u8fd8\u8981\u5728\u65cb\u8f6c\u4e2d\u56de\u7b54\u6570\u5b57\u95ee\u9898\u3002",
      "video_detail_info": {
        "detail_video_large_image": {
          "url": "https://p3.pstatp.com/list/pgc-image/SAdyGBg8hZ2kFs",
          "width": 640,
          "height": 360
        },
        "video_id": "v0201f770000btg7n0i4f9epqenktv40",
        "video_watch_count": 38195,
        "group_flags": 32832,
        "direct_play": 1
      },
      "image_list": [],
      "datetime": "2020-09-16 18:18",
      "article_type": 0,
      "tag": "news_media",
      "has_m3u8_video": 0,
      "video_duration": 131,
      "display_dt": 1600158595,
      "has_mp4_video": 0,
      "aggr_type": 1,
      "cell_type": 0,
      "article_sub_type": 0,
      "bury_count": 0,
      "title": "\u76f4\u5347\u673a\u98de\u884c\u5458\u6709\u591a\u725b\uff1f360\u5ea6\u65cb\u8f6c\u4e2d\u8fd8\u8981\u7b54\u6570\u5b66\u9898",
      "source_icon_style": 1,
      "tip": 0,
      "has_video": true,
      "share_url": "https://m.toutiaoimg.cn/group/6872628837490885128/?app=news_article&is_hit_share_recommend=0",
      "source": "\u65b0\u534e\u7f51\u5ba2\u6237\u7aef",
      "comment_count": 0,
      "article_url": "http://my-h5news.app.xinhuanet.com/h5/article.html?articleId=61d80e2db9287ce716521f4950c42a89",
      "large_mode": true,
      "large_image_url": "http://p1-tt-ipv6.byteimg.com/img/pgc-image/SAdyGBg8hZ2kFs~tplv-tt-cs0:640:360.jpg",
      "publish_time": 1600158595,
      "group_flags": 32833,
      "action_extra": "{\"channel_id\": 0}",
      "tag_id": "6872628837490885128",
      "source_url": "/i6872628837490885128/",
      "display_url": "http://toutiao.com/group/6872628837490885128/",
      "is_stick": false,
      "item_id": "6872628837490885128",
      "repin_count": 114,
      "cell_flag": 268697611,
      "source_open_url": "sslocal://profile?refer=video&uid=4377795668",
      "level": 0,
      "digg_count": 654,
      "behot_time": 1600251532,
      "hot": 0,
      "cursor": 1600251532999,
      "url": "http://my-h5news.app.xinhuanet.com/h5/article.html?articleId=61d80e2db9287ce716521f4950c42a89",
      "user_repin": 0,
      "has_image": false,
      "video_style": 2,
      "media_info": {
        "avatar_url": "http://p6-tt-ipv6.byteimg.com/large/pgc-image/03f6307ae99745119fa95747f9d9e525",
        "media_id": 4377795668,
        "name": "\u65b0\u534e\u7f51\u5ba2\u6237\u7aef",
        "user_verified": true
      },
      "group_id": "6872628837490885128"
    },
    {
      "media_name": "\u65b0\u4eac\u62a5",
      "ban_comment": 0,
      "abstract": "\u65b0\u4eac\u62a5\u8baf 9\u670817\u65e5\uff0c\u636e\u53f0\u5a92\u62a5\u9053\uff0c\u610f\u5916\u53bb\u4e16\u768436\u5c81\u53f0\u6e7e\u827a\u4eba\u9ec4\u9e3f\u5347\u8ffd\u601d\u7075\u5802\u5f00\u653e\u65f6\u95f4\u5df2\u786e\u5b9a\uff0c\u5c06\u57289\u670819\u65e5\u81f321\u65e5\uff0c\u4e8e\u53f0\u5317\u5e02\u6c11\u6743\u4e1c\u8def\u9f99\u5ca9\u4f1a\u9986\u4e3e\u884c\uff0c\u4ec5\u4e09\u5929\u5411\u4eb2\u53cb\u5f00\u653e\u60bc\u5ff5\u3002",
      "image_list": [],
      "datetime": "2020-09-16 18:05",
      "article_type": 0,
      "tag": "news_taiwan_politics_tag",
      "has_m3u8_video": 0,
      "display_dt": 1600336874,
      "has_mp4_video": 0,
      "aggr_type": 1,
      "cell_type": 0,
      "article_sub_type": 0,
      "bury_count": 0,
      "title": "\u53f0\u6e7e\u827a\u4eba\u9ec4\u9e3f\u5347\u7075\u5802\u5c06\u4e8e19\u65e5\u81f321\u65e5\u5bf9\u4eb2\u53cb\u5f00\u653e",
      "source_icon_style": 1,
      "tip": 0,
      "has_video": false,
      "share_url": "http://toutiao.com/group/6873394538451304967/?app=news_article&is_hit_share_recommend=0",
      "source": "\u65b0\u4eac\u62a5",
      "comment_count": 0,
      "article_url": "http://www.bjnews.com.cn/ent/2020/09/17/770101.html",
      "publish_time": 1600336874,
      "group_flags": 0,
      "middle_mode": true,
      "gallary_image_count": 1,
      "action_extra": "{\"channel_id\": 0}",
      "tag_id": "6873394538451304967",
      "source_url": "/i6873394538451304967/",
      "display_url": "http://toutiao.com/group/6873394538451304967/",
      "is_stick": false,
      "item_id": "6873394538451304967",
      "repin_count": 0,
      "cell_flag": 268697611,
      "source_open_url": "sslocal://profile?uid=5540918998",
      "level": 0,
      "digg_count": 0,
      "behot_time": 1600250710,
      "hot": 0,
      "cursor": 1600250710999,
      "url": "http://www.bjnews.com.cn/ent/2020/09/17/770101.html",
      "image_url": "https://p3.pstatp.com/list/pgc-image/SAq2QdB805UVrV",
      "user_repin": 0,
      "has_image": true,
      "video_style": 0,
      "media_info": {
        "avatar_url": "http://p1-tt-ipv6.byteimg.com/large/pgc-image/9c0653fac68b4cb68a58898eddcca7f6",
        "media_id": 5540918998,
        "name": "\u65b0\u4eac\u62a5",
        "user_verified": true
      },
      "group_id": "6873394538451304967"
    },
    {
      "video_id": "v020044e0000bt3rkd4o6qca4pihb50g",
      "media_name": "\u73af\u7403\u65f6\u62a5",
      "ban_comment": 0,
      "abstract": "\u53f0\u6e7e\u5730\u533a\u524d\u9886\u5bfc\u4eba\u9a6c\u82f1\u4e5d\u4eca\u5929\u518d\u6b21\u63d0\u9192\u53f0\u6e7e\u5f53\u5c40\u9886\u5bfc\u4eba\u8521\u82f1\u6587\uff0c\u82e5\u575a\u6301\u627f\u53d7\u5927\u9646\u7b2c\u4e00\u6ce2\u653b\u51fb\u4f1a\u5bf9\u53f0\u6e7e\u4f1a\u5e26\u6765\u5f88\u5927\u7684\u6218\u7978\uff0c\u53ef\u80fd\u9020\u6210\u751f\u7075\u6d82\u70ad\u3001\u4e07\u6c11\u53d7\u5bb3\uff0c\u5343\u4e07\u4e0d\u80fd\u62ff\u8001\u767e\u59d3\u7684\u751f\u547d\u8d22\u4ea7\u5f00\u73a9\u7b11\u3002\u9488\u5bf9\u8521\u82f1\u6587\u5728\u63a5\u53d7\u5916\u5a92\u8bbf\u95ee\u65f6\u58f0\u79f0\uff0c\u5982\u679c\u53f0\u6e7e\u53d7\u5230\u653b\u51fb\uff0c\u5927\u9646\u8981\u4ed8\u51fa\u5f88\u5927\u4ee3\u4ef7\uff0c\u53f0\u6e7e\u627f\u53d7\u7b2c\u4e00\u6ce2\u653b\u51fb\u540e\uff0c\u5e0c\u671b\u4e16\u754c\u5404\u56fd\u53ef\u4ee5\u652f\u6301\u53f0\u6e7e\u3002\uff08\u8521\u82f1\u6587\u60f3\u627f\u53d7\u5927\u9646\u7b2c\u4e00\u51fb\u518d\u6c42\u63f4\uff1f\u9a6c\u82f1\u4e5d\uff1a\u522b\u62ff\u8001\u767e\u59d3\u751f\u547d\u5f00\u73a9\u7b11\uff09",
      "video_detail_info": {
        "detail_video_large_image": {
          "url": "https://p3.pstatp.com/list/tos-cn-i-0004/b1acd52f057543a1ad5baa5802c13da5",
          "width": 640,
          "height": 360
        },
        "video_id": "v020044e0000bt3rkd4o6qca4pihb50g",
        "video_watch_count": 349602,
        "group_flags": 32832,
        "direct_play": 1
      },
      "image_list": [],
      "datetime": "2020-09-16 17:51",
      "article_type": 0,
      "tag": "video_taiwan_politics_tag",
      "has_m3u8_video": 0,
      "video_duration": 124,
      "display_dt": 1598537064,
      "has_mp4_video": 0,
      "aggr_type": 1,
      "cell_type": 0,
      "article_sub_type": 0,
      "bury_count": 4,
      "title": "\u8521\u82f1\u6587\u60f3\u627f\u53d7\u5927\u9646\u7b2c\u4e00\u51fb\u518d\u6c42\u63f4\uff1f\u9a6c\u82f1\u4e5d\uff1a\u522b\u62ff\u8001\u767e\u59d3\u751f\u547d\u5f00\u73a9\u7b11",
      "source_icon_style": 1,
      "tip": 0,
      "has_video": true,
      "share_url": "https://m.toutiaoimg.cn/a6865664412640870915/?app=news_article&is_hit_share_recommend=0",
      "source": "\u73af\u7403\u65f6\u62a5",
      "comment_count": 139,
      "article_url": "http://toutiao.com/group/6865664412640870915/",
      "large_mode": true,
      "large_image_url": "http://p6-tt-ipv6.byteimg.com/img/tos-cn-i-0004/b1acd52f057543a1ad5baa5802c13da5~tplv-tt-cs0:640:360.jpg",
      "publish_time": 1598537064,
      "group_flags": 32832,
      "action_extra": "{\"channel_id\": 0}",
      "tag_id": "6865664412640870915",
      "source_url": "/i6865664412640870915/",
      "display_url": "http://toutiao.com/group/6865664412640870915/",
      "is_stick": false,
      "item_id": "6865664412640870915",
      "repin_count": 234,
      "cell_flag": 268697611,
      "source_open_url": "sslocal://profile?refer=video&uid=5787290902",
      "level": 0,
      "digg_count": 3964,
      "behot_time": 1600249885,
      "hot": 0,
      "cursor": 1600249885999,
      "url": "http://toutiao.com/group/6865664412640870915/",
      "user_repin": 0,
      "has_image": false,
      "video_style": 0,
      "media_info": {
        "avatar_url": "http://p26-tt.byteimg.com/large/pgc-image/075eede8fd104d3cbd8c3703741bdc96",
        "media_id": 5787290902,
        "name": "\u73af\u7403\u65f6\u62a5",
        "user_verified": true
      },
      "group_id": "6865664412640870915"
    },
    {
      "media_name": "\u5149\u660e\u7f51",
      "ban_comment": 0,
      "abstract": "\u4eca\u5e7455\u5c81\u7684\u95ed\u5973\u58eb\u600e\u4e48\u4e5f\u6ca1\u60f3\u5230\uff0c\u53ea\u662f\u780d\u732a\u9aa8\u5934\u65f6\u88ab\u523a\u51fa\u8840\uff0c\u968f\u540e\u5c31\u56e0\u5934\u75db\u6b32\u88c2\u770b\u75c5\uff0c\u4ece\u5929\u7b49\u53bf\u8f6c\u5230\u5e7f\u897f\u6c11\u65cf\u533b\u9662\u795e\u7ecf\u5185\u79d1\uff0c\u6700\u540e\u786e\u8bca\u4e3a\u732a\u94fe\u7403\u83cc\u8111\u819c\u708e\u3002\u636e\u6089\uff0c\u8fd9\u4e2a\u75c5\u81ea1968\u5e74\u53d1\u73b0\u4ee5\u6765\uff0c\u5168\u56fd\u4ec5\u6536\u6cbb\u8fc7200\u591a\u4f8b\u3002",
      "image_list": [],
      "datetime": "2020-09-16 17:37",
      "article_type": 1,
      "tag": "news_health",
      "has_m3u8_video": 0,
      "display_dt": 1599865323,
      "has_mp4_video": 0,
      "aggr_type": 1,
      "cell_type": 0,
      "article_sub_type": 1,
      "bury_count": 3,
      "title": "\u5e7f\u897f\u4e00\u5973\u5b50\u60a3\u4e0a\u7f55\u89c1\u75c5\uff0c\u53ea\u56e0\u780d\u732a\u9aa8\u65f6\u62c7\u6307\u88ab\u523a\u51fa\u8840\uff0c\u5168\u56fd\u4ec5\u89c1200\u591a\u4f8b",
      "source_icon_style": 1,
      "tip": 0,
      "has_video": false,
      "share_url": "http://toutiao.com/group/6871369243447788045/?app=news_article&is_hit_share_recommend=0",
      "source": "\u5149\u660e\u7f51",
      "comment_count": 196,
      "article_url": "https://m.gmw.cn/toutiao/2020-09/12/content_1301553528.htm",
      "publish_time": 1599865323,
      "group_flags": 0,
      "middle_mode": true,
      "gallary_image_count": 2,
      "action_extra": "{\"channel_id\": 0}",
      "tag_id": "6871369243447788045",
      "source_url": "/item/6871369243447788045/",
      "display_url": "http://toutiao.com/group/6871369243447788045/",
      "is_stick": false,
      "item_id": "6871369243447788045",
      "repin_count": 2611,
      "cell_flag": 268697611,
      "source_open_url": "sslocal://profile?uid=5806115967",
      "level": 0,
      "digg_count": 13761,
      "behot_time": 1600249056,
      "hot": 0,
      "cursor": 1600249056999,
      "url": "https://m.gmw.cn/toutiao/2020-09/12/content_1301553528.htm",
      "like_count": 10256,
      "image_url": "https://p3.pstatp.com/list/pgc-image/SAK7qkS2ZqCUqh",
      "user_repin": 0,
      "has_image": true,
      "video_style": 0,
      "media_info": {
        "avatar_url": "http://p26-tt.byteimg.com/large/pgc-image/1f702ff89f9e4c45a2c23c6bb607309e",
        "media_id": 5806115967,
        "name": "\u5149\u660e\u7f51",
        "user_verified": true
      },
      "group_id": "6871369243447788045"
    },
    {
      "video_id": "v02004b70000btcgs5fnufeogb48gcd0",
      "media_name": "\u4e2d\u56fd\u6559\u80b2\u62a5",
      "ban_comment": 0,
      "abstract": "\u81f4\u656c\u6559\u5e08\u8ffd\u5149\u8005\uff01\u7b2c\u4e09\u5341\u516d\u4e2a\u6559\u5e08\u8282\u6765\u4e34\uff0c\u6b4c\u66f2\u300a\u8ffd\u5149\u8005\u300b\u732e\u7ed92020\u5e74\u5168\u56fd\u6559\u4e66\u80b2\u4eba\u6977\u6a21\uff0c\u4e5f\u732e\u7ed91732\u4e07\u4e2d\u56fd\u6559\u5e08\u3002\u6b4c\u58f0\u60a0\u626c\uff0c\u4e66\u58f0\u7405\u7405\uff0c\u8bfe\u5802\u4e0a\u95ea\u70c1\u7740\u8ffd\u9010\u77e5\u8bc6\u7684\u76ee\u5149\u3002",
      "video_detail_info": {
        "detail_video_large_image": {
          "url": "https://p3.pstatp.com/list/tos-cn-i-0004/bc146684159343919a5175ecc562f118",
          "width": 640,
          "height": 360
        },
        "video_id": "v02004b70000btcgs5fnufeogb48gcd0",
        "video_watch_count": 13342,
        "group_flags": 32832,
        "direct_play": 1
      },
      "image_list": [],
      "datetime": "2020-09-16 17:23",
      "article_type": 0,
      "tag": "video_edu",
      "has_m3u8_video": 0,
      "video_duration": 176,
      "display_dt": 1599699720,
      "has_mp4_video": 0,
      "aggr_type": 1,
      "cell_type": 0,
      "article_sub_type": 0,
      "bury_count": 0,
      "title": "\u732e\u7ed91732\u4e07\u4e2d\u56fd\u6559\u5e08\u7684\u6b4c\u300a\u8ffd\u5149\u8005\u300b",
      "source_icon_style": 1,
      "tip": 0,
      "has_video": true,
      "share_url": "https://m.toutiaoimg.cn/a6870540083523486219/?app=news_article&is_hit_share_recommend=0",
      "source": "\u4e2d\u56fd\u6559\u80b2\u62a5",
      "comment_count": 44,
      "article_url": "http://toutiao.com/group/6870540083523486219/",
      "large_mode": true,
      "large_image_url": "http://p1-tt-ipv6.byteimg.com/img/tos-cn-i-0004/bc146684159343919a5175ecc562f118~tplv-tt-cs0:640:360.jpg",
      "publish_time": 1599699720,
      "group_flags": 32833,
      "action_extra": "{\"channel_id\": 0}",
      "tag_id": "6870540083523486219",
      "source_url": "/i6870540083523486219/",
      "display_url": "http://toutiao.com/group/6870540083523486219/",
      "is_stick": false,
      "item_id": "6870540083523486219",
      "repin_count": 206,
      "cell_flag": 268697611,
      "source_open_url": "sslocal://profile?refer=video&uid=5329765423",
      "level": 0,
      "digg_count": 596,
      "behot_time": 1600248224,
      "hot": 0,
      "cursor": 1600248224999,
      "url": "http://toutiao.com/group/6870540083523486219/",
      "user_repin": 0,
      "has_image": false,
      "video_style": 2,
      "media_info": {
        "avatar_url": "http://p6-tt-ipv6.byteimg.com/large/pgc-image/e3571cda5c7046b7ae22224e07a6aeda",
        "media_id": 5329765423,
        "name": "\u4e2d\u56fd\u6559\u80b2\u62a5",
        "user_verified": true
      },
      "group_id": "6870540083523486219"
    },
    {
      "media_name": "\u65b0\u534e\u7f51\u5ba2\u6237\u7aef",
      "ban_comment": 0,
      "abstract": "\u6d17\u8fc7\u4e0d\u4e45\u7684\u5934\u53d1\u5f88\u5feb\u5c31\u6cdb\u8d77\u6cb9\u5149\uff0c\u9891\u7e41\u6d17\u5934\u53c8\u9677\u5165\u4e86\u8d8a\u6d17\u8d8a\u6cb9\u7684\u602a\u5708\u3002\u90a3\u4e48\uff0c\u6211\u4eec\u6709\u5fc5\u8981\u6bcf\u5929\u6d17\u5934\u5417?\u5982\u4f55\u79d1\u5b66\u62a4\u7406\uff0c\u544a\u522b\u201c\u5927\u6cb9\u5934\u201d?",
      "image_list": [
        {
          "url": "https://p3.pstatp.com/list/pgc-image/S8usuCyJG7zyEh",
          "width": 640,
          "height": 360
        },
        {
          "url": "https://p3.pstatp.com/list/pgc-image/S8usuDn6ZqVUhp",
          "width": 452,
          "height": 254
        },
        {
          "url": "https://p3.pstatp.com/list/pgc-image/S8usuF71ZyGNb",
          "width": 452,
          "height": 254
        }
      ],
      "datetime": "2020-09-16 17:09",
      "article_type": 0,
      "more_mode": true,
      "tag": "news_media",
      "has_m3u8_video": 0,
      "display_dt": 1598576226,
      "has_mp4_video": 0,
      "aggr_type": 1,
      "cell_type": 0,
      "article_sub_type": 0,
      "bury_count": 0,
      "title": "\u4e00\u5929\u4e0d\u6d17\u5c31\u53d8\u201c\u5927\u6cb9\u5934\u201d\uff1f\u8fd9\u4efd\u653b\u7565\u62ef\u6551\u4f60",
      "source_icon_style": 1,
      "tip": 0,
      "has_video": false,
      "share_url": "http://toutiao.com/group/6865832611378364942/?app=news_article&is_hit_share_recommend=0",
      "source": "\u65b0\u534e\u7f51\u5ba2\u6237\u7aef",
      "comment_count": 100,
      "article_url": "http://my-h5news.app.xinhuanet.com/h5/article.html?articleId=599bd007e3ffcf8362c769625c6ead3d",
      "publish_time": 1598576226,
      "group_flags": 0,
      "gallary_image_count": 9,
      "action_extra": "{\"channel_id\": 0}",
      "tag_id": "6865832611378364942",
      "source_url": "/i6865832611378364942/",
      "display_url": "http://toutiao.com/group/6865832611378364942/",
      "is_stick": false,
      "item_id": "6865832611378364942",
      "repin_count": 3102,
      "cell_flag": 268697611,
      "source_open_url": "sslocal://profile?uid=4377795668",
      "level": 0,
      "digg_count": 852,
      "behot_time": 1600247388,
      "hot": 0,
      "cursor": 1600247388999,
      "url": "http://my-h5news.app.xinhuanet.com/h5/article.html?articleId=599bd007e3ffcf8362c769625c6ead3d",
      "like_count": 703,
      "user_repin": 0,
      "has_image": true,
      "video_style": 0,
      "media_info": {
        "avatar_url": "http://p6-tt-ipv6.byteimg.com/large/pgc-image/03f6307ae99745119fa95747f9d9e525",
        "media_id": 4377795668,
        "name": "\u65b0\u534e\u7f51\u5ba2\u6237\u7aef",
        "user_verified": true
      },
      "group_id": "6865832611378364942"
    },
    {
      "video_id": "v02004b60000bsdf9fsil5tqlep66k90",
      "media_name": "\u89e3\u653e\u519b\u65b0\u95fb\u4f20\u64ad\u4e2d\u5fc3\u878d\u5a92\u4f53",
      "ban_comment": 0,
      "abstract": "\u75db\u5fc3\uff0128\u5c81\u8fb9\u9632\u519b\u4eba\u82cf\u4e07\u98de\uff0c\u4e00\u8def\u8d70\u597d",
      "video_detail_info": {
        "detail_video_large_image": {
          "url": "https://p3.pstatp.com/list/tos-cn-i-0004/103805b302c545c79da4f09e6560692e",
          "width": 640,
          "height": 360
        },
        "video_id": "v02004b60000bsdf9fsil5tqlep66k90",
        "video_watch_count": 634155,
        "group_flags": 32832,
        "direct_play": 1
      },
      "image_list": [],
      "datetime": "2020-09-16 16:55",
      "article_type": 0,
      "tag": "video_car",
      "has_m3u8_video": 0,
      "video_duration": 153,
      "display_dt": 1595602173,
      "has_mp4_video": 0,
      "aggr_type": 1,
      "cell_type": 0,
      "article_sub_type": 0,
      "bury_count": 2,
      "title": "\u75db\u5fc3\uff0128\u5c81\u8fb9\u9632\u519b\u4eba\u82cf\u4e07\u98de\uff0c\u4e00\u8def\u8d70\u597d",
      "source_icon_style": 1,
      "tip": 0,
      "has_video": true,
      "share_url": "https://m.toutiaoimg.cn/a6853059150037910019/?app=news_article&is_hit_share_recommend=0",
      "source": "\u89e3\u653e\u519b\u65b0\u95fb\u4f20\u64ad\u4e2d\u5fc3\u878d\u5a92\u4f53",
      "comment_count": 8081,
      "article_url": "http://toutiao.com/group/6853059150037910019/",
      "large_mode": true,
      "large_image_url": "http://p26-tt.byteimg.com/img/tos-cn-i-0004/103805b302c545c79da4f09e6560692e~tplv-tt-cs0:640:360.jpg",
      "publish_time": 1595602173,
      "group_flags": 32833,
      "action_extra": "{\"channel_id\": 0}",
      "tag_id": "6853059150037910019",
      "source_url": "/i6853059150037910019/",
      "display_url": "http://toutiao.com/group/6853059150037910019/",
      "is_stick": false,
      "item_id": "6853059150037910019",
      "repin_count": 636,
      "cell_flag": 268697611,
      "source_open_url": "sslocal://profile?refer=video&uid=5786921589",
      "level": 0,
      "digg_count": 45112,
      "behot_time": 1600246549,
      "hot": 0,
      "cursor": 1600246549999,
      "url": "http://toutiao.com/group/6853059150037910019/",
      "user_repin": 0,
      "has_image": false,
      "video_style": 2,
      "media_info": {
        "avatar_url": "http://p1-tt-ipv6.byteimg.com/large/12284/4086236459",
        "media_id": 5786921589,
        "name": "\u89e3\u653e\u519b\u65b0\u95fb\u4f20\u64ad\u4e2d\u5fc3\u878d\u5a92\u4f53",
        "user_verified": true
      },
      "group_id": "6853059150037910019"
    },
    {
      "media_name": "\u5149\u660e\u7f51",
      "ban_comment": 0,
      "abstract": "\u4e0d\u8bba\u4f60\u6765\u81ea\u54ea\u91cc\u3001\u53bb\u5f80\u4f55\u65b9\u3002\u662f\u5211\u8b66\u3001\u4ea4\u8b66\u3001\u5ba3\u4f20\u8b66\u3002\u53ea\u8981\u4f60\u662f\u4eba\u6c11\u8b66\u5bdf\u7684\u4e00\u4efd\u5b50\u3002\u201c\u6211\u5c31\u662f\u6211\uff0c\u662f\u4e0d\u4e00\u6837\u7684\u70df\u706b\u201d\u7684\u6211\u4eec\u3002\u6700\u7ec8\u8fd8\u662f\u5531\u8d77\u4e86\u90a3\u53e5\u3002\u201c\u6211\u4eec\u90fd\u4e00\u6837\u201d",
      "image_list": [
        {
          "url": "https://p3.pstatp.com/list/pgc-image/SAYlWrn90yWwwS",
          "width": 640,
          "height": 360
        },
        {
          "url": "https://p3.pstatp.com/list/pgc-image/SAYlWsHIZnN2gh",
          "width": 600,
          "height": 337
        },
        {
          "url": "https://p3.pstatp.com/list/pgc-image/SAYlWse6pznstr",
          "width": 600,
          "height": 337
        }
      ],
      "datetime": "2020-09-16 16:41",
      "article_type": 1,
      "more_mode": true,
      "tag": "news_essay",
      "has_m3u8_video": 0,
      "display_dt": 1600081655,
      "has_mp4_video": 0,
      "aggr_type": 1,
      "cell_type": 0,
      "article_sub_type": 1,
      "bury_count": 0,
      "title": "\u6211\u6562\u8bf4\uff0c\u5173\u4e8e\u8fd9\u4e9b\uff0c\u5168\u56fd\u8b66\u5bdf\u90fd\u662f\u7edf\u4e00\u7684",
      "source_icon_style": 1,
      "tip": 0,
      "has_video": false,
      "share_url": "http://toutiao.com/group/6872298379360240136/?app=news_article&is_hit_share_recommend=0",
      "source": "\u5149\u660e\u7f51",
      "comment_count": 273,
      "article_url": "https://m.gmw.cn/toutiao/2020-09/14/content_1301562237.htm",
      "publish_time": 1600081655,
      "group_flags": 0,
      "gallary_image_count": 12,
      "action_extra": "{\"channel_id\": 0}",
      "tag_id": "6872298379360240136",
      "source_url": "/item/6872298379360240136/",
      "display_url": "http://toutiao.com/group/6872298379360240136/",
      "is_stick": false,
      "item_id": "6872298379360240136",
      "repin_count": 526,
      "cell_flag": 268697611,
      "source_open_url": "sslocal://profile?uid=5806115967",
      "level": 0,
      "digg_count": 851,
      "behot_time": 1600245706,
      "hot": 0,
      "cursor": 1600245706999,
      "url": "https://m.gmw.cn/toutiao/2020-09/14/content_1301562237.htm",
      "like_count": 773,
      "user_repin": 0,
      "has_image": true,
      "video_style": 0,
      "media_info": {
        "avatar_url": "http://p26-tt.byteimg.com/large/pgc-image/1f702ff89f9e4c45a2c23c6bb607309e",
        "media_id": 5806115967,
        "name": "\u5149\u660e\u7f51",
        "user_verified": true
      },
      "group_id": "6872298379360240136"
    },
    {
      "media_name": "\u73af\u7403\u7f51",
      "ban_comment": 0,
      "abstract": "2019 \u5e74 3 \u6708 7 \u65e5\uff0c\u674e\u5973\u58eb\u884c\u7ecf\u53d6\u5375\u672f\uff0c\u5171\u83b7\u53d6 9 \u4e2a\u5375\u5b50\uff0c\u6b63\u5e38\u53d7\u7cbe 6 \u4e2a\uff0c\u4e8e 2019 \u5e74 3 \u6708 10 \u65e5\u79fb\u690d 2 \u4e2a\u80da\u80ce\uff0c\u65e0\u80da\u80ce\u51b7\u51bb\uff0c\u4e22\u5f03 7 \u4e2a\u80da\u80ce\u3002",
      "image_list": [],
      "datetime": "2020-09-16 16:27",
      "article_type": 1,
      "tag": "news_society",
      "has_m3u8_video": 0,
      "display_dt": 1600145615,
      "has_mp4_video": 0,
      "aggr_type": 1,
      "cell_type": 0,
      "article_sub_type": 1,
      "bury_count": 0,
      "title": "\u201c\u8bd5\u7ba1\u5a74\u513f\u201d\u624b\u672f\u505a\u5230\u4e00\u534a\u4e08\u592b\u53bb\u4e16\uff0c\u59bb\u5b50\u60f3\u7ee7\u7eed\u624b\u672f\u88ab\u533b\u9662\u62d2\u7edd\uff0c\u6cd5\u9662\u5199\u4e0b\u201c\u6700\u6e29\u6696\u7684\u5224\u51b3\u4e66\u201d",
      "source_icon_style": 1,
      "tip": 0,
      "has_video": false,
      "share_url": "http://toutiao.com/group/6872573085787095560/?app=news_article&is_hit_share_recommend=0",
      "source": "\u73af\u7403\u7f51",
      "comment_count": 80,
      "article_url": "https://3w.huanqiu.com/a/84a414/3ztMCfY5zm7?agt=20",
      "large_mode": true,
      "large_image_url": "http://p6-tt-ipv6.byteimg.com/img/pgc-image/SAd5vLTEjNb26O~tplv-tt-cs0:640:360.jpg",
      "publish_time": 1600145615,
      "group_flags": 0,
      "gallary_image_count": 1,
      "action_extra": "{\"channel_id\": 0}",
      "tag_id": "6872573085787095560",
      "source_url": "/item/6872573085787095560/",
      "display_url": "http://toutiao.com/group/6872573085787095560/",
      "is_stick": false,
      "item_id": "6872573085787095560",
      "repin_count": 182,
      "cell_flag": 268697611,
      "source_open_url": "sslocal://profile?uid=5954781019",
      "level": 0,
      "digg_count": 887,
      "behot_time": 1600244860,
      "hot": 0,
      "cursor": 1600244860999,
      "url": "https://3w.huanqiu.com/a/84a414/3ztMCfY5zm7?agt=20",
      "like_count": 673,
      "user_repin": 0,
      "has_image": true,
      "video_style": 0,
      "media_info": {
        "avatar_url": "http://p1-tt-ipv6.byteimg.com/large/pgc-image/377d80150d1d4f2498e106b97cba7995",
        "media_id": 5954781019,
        "name": "\u73af\u7403\u7f51",
        "user_verified": true
      },
      "group_id": "6872573085787095560"
    },
    {
      "media_name": "\u4e2d\u56fd\u9752\u5e74\u7f51",
      "ban_comment": 0,
      "abstract": "\u8fd1\u65e5\uff0c\u660e\u6708\u955c\u7247\u5411\u8bc1\u76d1\u4f1a\u9012\u4ea4\u4e86\u62db\u80a1\u8bf4\u660e\u4e66\uff0c\u51c6\u5907\u4e0a\u5e02\u3002\u6c5f\u82cf\u7701\u4e39\u9633\u5e02\uff0c\u4e00\u76f4\u6709\u7740\u773c\u955c\u4e4b\u90fd\u7684\u7f8e\u8a89\uff0c\u6bcf\u5e74\u751f\u4ea7\u7684\u955c\u7247\u8fbe4\u4ebf\u591a\u526f\uff0c\u5360\u5168\u56fd\u603b\u4ea7\u91cf\u76847\u6210\u4ee5\u4e0a\uff0c\u662f\u4e16\u754c\u4e0a\u6700\u5927\u7684\u955c\u7247\u751f\u4ea7\u57fa\u5730\uff0c\u4e5f\u662f\u56fd\u5185\u7684\u6700\u5927\u7684\u773c\u955c\u4ea4\u6613\u96c6\u6563\u5730\u3002",
      "image_list": [
        {
          "url": "https://p3.pstatp.com/list/pgc-image/SAIC2zt1yUTgP9",
          "width": 640,
          "height": 360
        },
        {
          "url": "https://p3.pstatp.com/list/pgc-image/SAIC30L2aWeKVx",
          "width": 500,
          "height": 248
        },
        {
          "url": "https://p3.pstatp.com/list/pgc-image/SAIC3113FYUxGp",
          "width": 500,
          "height": 244
        }
      ],
      "datetime": "2020-09-16 16:13",
      "article_type": 1,
      "more_mode": true,
      "tag": "news_finance",
      "has_m3u8_video": 0,
      "display_dt": 1599836778,
      "has_mp4_video": 0,
      "aggr_type": 1,
      "cell_type": 0,
      "article_sub_type": 1,
      "bury_count": 0,
      "title": "\u4e00\u7eb8\u62db\u80a1\u4e66\uff0c\u900f\u9732\u8fd9\u4e2a\u884c\u4e1a\u201c\u66b4\u5229\u201d\u5185\u5e55\uff01\u552e\u4ef7\u4e0a\u5343\u5143\uff0c\u51fa\u5382\u4ef7\u53ef\u80fd\u53ea\u8981\u51e0\u5341\u5143\uff01\u94b1\u90fd\u53bb\u4e86\u54ea\uff1f",
      "source_icon_style": 1,
      "tip": 0,
      "has_video": false,
      "share_url": "http://toutiao.com/group/6871246641463034381/?app=news_article&is_hit_share_recommend=0",
      "source": "\u4e2d\u56fd\u9752\u5e74\u7f51",
      "comment_count": 331,
      "article_url": "http://t.m.youth.cn/transfer/toutiao/url/3g.youth.cn/rmtj/202009/t20200911_12491038.htm",
      "publish_time": 1599836778,
      "group_flags": 0,
      "gallary_image_count": 12,
      "action_extra": "{\"channel_id\": 0}",
      "tag_id": "6871246641463034381",
      "source_url": "/item/6871246641463034381/",
      "display_url": "http://toutiao.com/group/6871246641463034381/",
      "is_stick": false,
      "item_id": "6871246641463034381",
      "repin_count": 2422,
      "cell_flag": 268697611,
      "source_open_url": "sslocal://profile?uid=3582660809",
      "level": 0,
      "digg_count": 1746,
      "behot_time": 1600244010,
      "hot": 0,
      "cursor": 1600244010999,
      "url": "http://t.m.youth.cn/transfer/toutiao/url/3g.youth.cn/rmtj/202009/t20200911_12491038.htm",
      "like_count": 1305,
      "user_repin": 0,
      "has_image": true,
      "video_style": 0,
      "media_info": {
        "avatar_url": "http://p26-tt.byteimg.com/large/pgc-image/66751ac333f147288e0fc3321bce0470",
        "media_id": 3583449547,
        "name": "\u4e2d\u56fd\u9752\u5e74\u7f51",
        "user_verified": true
      },
      "group_id": "6871246641463034381"
    },
    {
      "video_id": "v0201f770000btbdp3i4f9epqelfrh9g",
      "media_name": "\u65b0\u534e\u7f51\u5ba2\u6237\u7aef",
      "ban_comment": 0,
      "abstract": "",
      "video_detail_info": {
        "detail_video_large_image": {
          "url": "https://p3.pstatp.com/list/pgc-image/S9xIgJDHudEtPi",
          "width": 640,
          "height": 360
        },
        "video_id": "v0201f770000btbdp3i4f9epqelfrh9g",
        "video_watch_count": 51271,
        "group_flags": 32832,
        "direct_play": 1
      },
      "image_list": [],
      "datetime": "2020-09-16 15:59",
      "article_type": 0,
      "tag": "video_entertainment",
      "has_m3u8_video": 0,
      "video_duration": 254,
      "display_dt": 1599528080,
      "has_mp4_video": 0,
      "aggr_type": 1,
      "cell_type": 0,
      "article_sub_type": 0,
      "bury_count": 2,
      "title": "\u5de9\u4fd0\uff1a\u7528\u90ce\u5e73\u7684\u7cbe\u795e\u6f14\u90ce\u5e73",
      "source_icon_style": 1,
      "tip": 0,
      "has_video": true,
      "share_url": "https://m.toutiaoimg.cn/group/6869920794202341902/?app=news_article&is_hit_share_recommend=0",
      "source": "\u65b0\u534e\u7f51\u5ba2\u6237\u7aef",
      "comment_count": 34,
      "article_url": "http://my-h5news.app.xinhuanet.com/h5/article.html?articleId=3665ec001d4c5e2a3faff6d778108f88",
      "large_mode": true,
      "large_image_url": "http://p26-tt.byteimg.com/img/pgc-image/S9xIgJDHudEtPi~tplv-tt-cs0:640:360.jpg",
      "publish_time": 1599528080,
      "group_flags": 32833,
      "action_extra": "{\"channel_id\": 0}",
      "tag_id": "6869920794202341902",
      "source_url": "/i6869920794202341902/",
      "display_url": "http://toutiao.com/group/6869920794202341902/",
      "is_stick": false,
      "item_id": "6869920794202341902",
      "repin_count": 113,
      "cell_flag": 268697611,
      "source_open_url": "sslocal://profile?refer=video&uid=4377795668",
      "level": 0,
      "digg_count": 744,
      "behot_time": 1600243156,
      "hot": 0,
      "cursor": 1600243156999,
      "url": "http://my-h5news.app.xinhuanet.com/h5/article.html?articleId=3665ec001d4c5e2a3faff6d778108f88",
      "user_repin": 0,
      "has_image": false,
      "video_style": 2,
      "media_info": {
        "avatar_url": "http://p6-tt-ipv6.byteimg.com/large/pgc-image/03f6307ae99745119fa95747f9d9e525",
        "media_id": 4377795668,
        "name": "\u65b0\u534e\u7f51\u5ba2\u6237\u7aef",
        "user_verified": true
      },
      "group_id": "6869920794202341902"
    },
    {
      "media_name": "\u5149\u660e\u7f51",
      "ban_comment": 0,
      "abstract": "\u6d77\u5916\u7f51\u8bc4\u3010\u8fd9\u53ef\u80fd\u662f\u7f8e\u56fd\u201c\u79d1\u5b66\u653f\u7b56\u53f2\u4e0a\u6700\u803b\u8fb1\u65f6\u523b\u201d\u3011\u56fd\u9645\u9876\u7ea7\u79d1\u7814\u671f\u520a\u300a\u79d1\u5b66\u300b\u5468\u520a\u7f51\u7ad9\u8fd1\u65e5\u53d1\u8868\u8be5\u520a\u4e3b\u7f16\u8d6b\u4f2f\u7279\u00b7\u970d\u5c14\u767b\u00b7\u7d22\u666e\u7684\u7f72\u540d\u6587\u7ae0\u300a\u7279\u6717\u666e\u5728\u79d1\u5b66\u95ee\u9898\u4e0a\u8bf4\u8c0e\u300b\u3002",
      "image_list": [
        {
          "url": "https://p3.pstatp.com/list/pgc-image/SAi2hL6EUtcZRS",
          "width": 640,
          "height": 360
        },
        {
          "url": "https://p3.pstatp.com/list/pgc-image/SAi2hLg89rhTK6",
          "width": 640,
          "height": 360
        },
        {
          "url": "https://p3.pstatp.com/list/pgc-image/SAi2hLz5oq3rES",
          "width": 640,
          "height": 378
        }
      ],
      "datetime": "2020-09-16 15:44",
      "article_type": 1,
      "more_mode": true,
      "tag": "news_world",
      "has_m3u8_video": 0,
      "display_dt": 1600218730,
      "has_mp4_video": 0,
      "aggr_type": 1,
      "cell_type": 0,
      "article_sub_type": 1,
      "bury_count": 0,
      "title": "\u8fd9\u53ef\u80fd\u662f\u7f8e\u56fd\u201c\u79d1\u5b66\u653f\u7b56\u53f2\u4e0a\u6700\u803b\u8fb1\u65f6\u523b\u201d",
      "source_icon_style": 1,
      "tip": 0,
      "has_video": false,
      "share_url": "http://toutiao.com/group/6872887114996908557/?app=news_article&is_hit_share_recommend=0",
      "source": "\u5149\u660e\u7f51",
      "comment_count": 1485,
      "article_url": "https://m.gmw.cn/toutiao/2020-09/15/content_1301566962.htm",
      "publish_time": 1600218730,
      "group_flags": 0,
      "gallary_image_count": 3,
      "action_extra": "{\"channel_id\": 0}",
      "tag_id": "6872887114996908557",
      "source_url": "/item/6872887114996908557/",
      "display_url": "http://toutiao.com/group/6872887114996908557/",
      "is_stick": false,
      "item_id": "6872887114996908557",
      "repin_count": 1539,
      "cell_flag": 268697611,
      "source_open_url": "sslocal://profile?uid=5806115967",
      "level": 0,
      "digg_count": 6330,
      "behot_time": 1600242299,
      "hot": 0,
      "cursor": 1600242299999,
      "url": "https://m.gmw.cn/toutiao/2020-09/15/content_1301566962.htm",
      "like_count": 6127,
      "user_repin": 0,
      "has_image": true,
      "video_style": 0,
      "media_info": {
        "avatar_url": "http://p26-tt.byteimg.com/large/pgc-image/1f702ff89f9e4c45a2c23c6bb607309e",
        "media_id": 5806115967,
        "name": "\u5149\u660e\u7f51",
        "user_verified": true
      },
      "group_id": "6872887114996908557"
    }
  ]
}
