[{"id":1,"name":"裤子","imgSrc":"https://img.alicdn.com/simba/img/TB1Rdz6iSzqK1RjSZFHSuv3CpXa.jpg_q50.jpg","price":25,"desc":"这是一款牛叉的鼠标"},{"id":2,"name":"连衣裙","imgSrc":"https://img.alicdn.com/simba/img/TB1Rdz6iSzqK1RjSZFHSuv3CpXa.jpg_q50.jpg","price":25,"desc":"这是一款牛叉的鼠标"},{"id":3,"name":"短裤","imgSrc":"https://img.alicdn.com/simba/img/TB1Rdz6iSzqK1RjSZFHSuv3CpXa.jpg_q50.jpg","price":25,"desc":"这是一款牛叉的鼠标"},{"id":4,"name":"裤子","imgSrc":"https://img.alicdn.com/simba/img/TB1Rdz6iSzqK1RjSZFHSuv3CpXa.jpg_q50.jpg","price":25,"desc":"这是一款牛叉的鼠标"},{"id":5,"name":"连衣裙","imgSrc":"https://img.alicdn.com/simba/img/TB1Rdz6iSzqK1RjSZFHSuv3CpXa.jpg_q50.jpg","price":25,"desc":"这是一款牛叉的鼠标"},{"id":6,"name":"短裤","imgSrc":"https://img.alicdn.com/simba/img/TB1Rdz6iSzqK1RjSZFHSuv3CpXa.jpg_q50.jpg","price":25,"desc":"这是一款牛叉的鼠标"},{"id":7,"name":"裤子","imgSrc":"https://img.alicdn.com/simba/img/TB1Rdz6iSzqK1RjSZFHSuv3CpXa.jpg_q50.jpg","price":25,"desc":"这是一款牛叉的鼠标"},{"id":8,"name":"连衣裙","imgSrc":"https://img.alicdn.com/simba/img/TB1Rdz6iSzqK1RjSZFHSuv3CpXa.jpg_q50.jpg","price":25,"desc":"这是一款牛叉的鼠标"},{"id":9,"name":"短裤","imgSrc":"https://img.alicdn.com/simba/img/TB1Rdz6iSzqK1RjSZFHSuv3CpXa.jpg_q50.jpg","price":25,"desc":"这是一款牛叉的鼠标"},{"name":"洗衣液","price":"555"},{"name":"方法","price":"22"},{"name":"公共","price":"33"},{"name":"略略略","price":"33"},{"name":"碎花洋裙","price":"999"},{"name":"小兔兔","price":"666"},{"name":"1","price":"1"},{"name":"213","price":"123"},{"name":"323","price":"123"},{"userInfo[userInfo]":"zimo","userInfo[password]":"123"},{"userInfo":"buzhidao","password":"123456"},{"userInfo":"zimo","password":"3456"},{"userInfo":"kkk","password":"666"},{"userInfo":"ooo","password":"333"},{"userInfo":"uuu","password":"000"},{"userInfo":"dfff","password":"444"},{"userInfo":"1234567","password":"2345678"},{"username":"zimo","password":"666666"}]